id,title,difficulty,paidOnly,url
1,Two Sum,EASY,False,https://leetcode.com/problems/two-sum/
9,Palindrome Number,EASY,False,https://leetcode.com/problems/palindrome-number/
13,Roman to Integer,EASY,False,https://leetcode.com/problems/roman-to-integer/
14,Longest Common Prefix,EASY,False,https://leetcode.com/problems/longest-common-prefix/
20,Valid Parentheses,EASY,False,https://leetcode.com/problems/valid-parentheses/
21,Merge Two Sorted Lists,EASY,False,https://leetcode.com/problems/merge-two-sorted-lists/
26,Remove Duplicates from Sorted Array,EASY,False,https://leetcode.com/problems/remove-duplicates-from-sorted-array/
27,Remove Element,EASY,False,https://leetcode.com/problems/remove-element/
28,Find the Index of the First Occurrence in a String,EASY,False,https://leetcode.com/problems/find-the-index-of-the-first-occurrence-in-a-string/
35,Search Insert Position,EASY,False,https://leetcode.com/problems/search-insert-position/
58,Length of Last Word,EASY,False,https://leetcode.com/problems/length-of-last-word/
66,Plus One,EASY,False,https://leetcode.com/problems/plus-one/
67,Add Binary,EASY,False,https://leetcode.com/problems/add-binary/
69,Sqrt(x),EASY,False,https://leetcode.com/problems/sqrtx/
70,Climbing Stairs,EASY,False,https://leetcode.com/problems/climbing-stairs/
83,Remove Duplicates from Sorted List,EASY,False,https://leetcode.com/problems/remove-duplicates-from-sorted-list/
88,Merge Sorted Array,EASY,False,https://leetcode.com/problems/merge-sorted-array/
94,Binary Tree Inorder Traversal,EASY,False,https://leetcode.com/problems/binary-tree-inorder-traversal/
100,Same Tree,EASY,False,https://leetcode.com/problems/same-tree/
101,Symmetric Tree,EASY,False,https://leetcode.com/problems/symmetric-tree/
104,Maximum Depth of Binary Tree,EASY,False,https://leetcode.com/problems/maximum-depth-of-binary-tree/
108,Convert Sorted Array to Binary Search Tree,EASY,False,https://leetcode.com/problems/convert-sorted-array-to-binary-search-tree/
110,Balanced Binary Tree,EASY,False,https://leetcode.com/problems/balanced-binary-tree/
111,Minimum Depth of Binary Tree,EASY,False,https://leetcode.com/problems/minimum-depth-of-binary-tree/
112,Path Sum,EASY,False,https://leetcode.com/problems/path-sum/
118,Pascal's Triangle,EASY,False,https://leetcode.com/problems/pascals-triangle/
119,Pascal's Triangle II,EASY,False,https://leetcode.com/problems/pascals-triangle-ii/
121,Best Time to Buy and Sell Stock,EASY,False,https://leetcode.com/problems/best-time-to-buy-and-sell-stock/
125,Valid Palindrome,EASY,False,https://leetcode.com/problems/valid-palindrome/
136,Single Number,EASY,False,https://leetcode.com/problems/single-number/
141,Linked List Cycle,EASY,False,https://leetcode.com/problems/linked-list-cycle/
144,Binary Tree Preorder Traversal,EASY,False,https://leetcode.com/problems/binary-tree-preorder-traversal/
145,Binary Tree Postorder Traversal,EASY,False,https://leetcode.com/problems/binary-tree-postorder-traversal/
157,Read N Characters Given Read4,EASY,True,https://leetcode.com/problems/read-n-characters-given-read4/
160,Intersection of Two Linked Lists,EASY,False,https://leetcode.com/problems/intersection-of-two-linked-lists/
163,Missing Ranges,EASY,True,https://leetcode.com/problems/missing-ranges/
168,Excel Sheet Column Title,EASY,False,https://leetcode.com/problems/excel-sheet-column-title/
169,Majority Element,EASY,False,https://leetcode.com/problems/majority-element/
170,Two Sum III - Data structure design,EASY,True,https://leetcode.com/problems/two-sum-iii-data-structure-design/
171,Excel Sheet Column Number,EASY,False,https://leetcode.com/problems/excel-sheet-column-number/
175,Combine Two Tables,EASY,False,https://leetcode.com/problems/combine-two-tables/
181,Employees Earning More Than Their Managers,EASY,False,https://leetcode.com/problems/employees-earning-more-than-their-managers/
182,Duplicate Emails,EASY,False,https://leetcode.com/problems/duplicate-emails/
183,Customers Who Never Order,EASY,False,https://leetcode.com/problems/customers-who-never-order/
190,Reverse Bits,EASY,False,https://leetcode.com/problems/reverse-bits/
191,Number of 1 Bits,EASY,False,https://leetcode.com/problems/number-of-1-bits/
193,Valid Phone Numbers,EASY,False,https://leetcode.com/problems/valid-phone-numbers/
195,Tenth Line,EASY,False,https://leetcode.com/problems/tenth-line/
196,Delete Duplicate Emails,EASY,False,https://leetcode.com/problems/delete-duplicate-emails/
197,Rising Temperature,EASY,False,https://leetcode.com/problems/rising-temperature/
202,Happy Number,EASY,False,https://leetcode.com/problems/happy-number/
203,Remove Linked List Elements,EASY,False,https://leetcode.com/problems/remove-linked-list-elements/
205,Isomorphic Strings,EASY,False,https://leetcode.com/problems/isomorphic-strings/
206,Reverse Linked List,EASY,False,https://leetcode.com/problems/reverse-linked-list/
217,Contains Duplicate,EASY,False,https://leetcode.com/problems/contains-duplicate/
219,Contains Duplicate II,EASY,False,https://leetcode.com/problems/contains-duplicate-ii/
222,Count Complete Tree Nodes,EASY,False,https://leetcode.com/problems/count-complete-tree-nodes/
225,Implement Stack using Queues,EASY,False,https://leetcode.com/problems/implement-stack-using-queues/
226,Invert Binary Tree,EASY,False,https://leetcode.com/problems/invert-binary-tree/
228,Summary Ranges,EASY,False,https://leetcode.com/problems/summary-ranges/
231,Power of Two,EASY,False,https://leetcode.com/problems/power-of-two/
232,Implement Queue using Stacks,EASY,False,https://leetcode.com/problems/implement-queue-using-stacks/
234,Palindrome Linked List,EASY,False,https://leetcode.com/problems/palindrome-linked-list/
242,Valid Anagram,EASY,False,https://leetcode.com/problems/valid-anagram/
243,Shortest Word Distance,EASY,True,https://leetcode.com/problems/shortest-word-distance/
246,Strobogrammatic Number,EASY,True,https://leetcode.com/problems/strobogrammatic-number/
252,Meeting Rooms,EASY,True,https://leetcode.com/problems/meeting-rooms/
257,Binary Tree Paths,EASY,False,https://leetcode.com/problems/binary-tree-paths/
258,Add Digits,EASY,False,https://leetcode.com/problems/add-digits/
263,Ugly Number,EASY,False,https://leetcode.com/problems/ugly-number/
266,Palindrome Permutation,EASY,True,https://leetcode.com/problems/palindrome-permutation/
268,Missing Number,EASY,False,https://leetcode.com/problems/missing-number/
270,Closest Binary Search Tree Value,EASY,True,https://leetcode.com/problems/closest-binary-search-tree-value/
278,First Bad Version,EASY,False,https://leetcode.com/problems/first-bad-version/
283,Move Zeroes,EASY,False,https://leetcode.com/problems/move-zeroes/
290,Word Pattern,EASY,False,https://leetcode.com/problems/word-pattern/
292,Nim Game,EASY,False,https://leetcode.com/problems/nim-game/
293,Flip Game,EASY,True,https://leetcode.com/problems/flip-game/
303,Range Sum Query - Immutable,EASY,False,https://leetcode.com/problems/range-sum-query-immutable/
326,Power of Three,EASY,False,https://leetcode.com/problems/power-of-three/
338,Counting Bits,EASY,False,https://leetcode.com/problems/counting-bits/
342,Power of Four,EASY,False,https://leetcode.com/problems/power-of-four/
344,Reverse String,EASY,False,https://leetcode.com/problems/reverse-string/
345,Reverse Vowels of a String,EASY,False,https://leetcode.com/problems/reverse-vowels-of-a-string/
346,Moving Average from Data Stream,EASY,True,https://leetcode.com/problems/moving-average-from-data-stream/
349,Intersection of Two Arrays,EASY,False,https://leetcode.com/problems/intersection-of-two-arrays/
350,Intersection of Two Arrays II,EASY,False,https://leetcode.com/problems/intersection-of-two-arrays-ii/
359,Logger Rate Limiter,EASY,True,https://leetcode.com/problems/logger-rate-limiter/
367,Valid Perfect Square,EASY,False,https://leetcode.com/problems/valid-perfect-square/
374,Guess Number Higher or Lower,EASY,False,https://leetcode.com/problems/guess-number-higher-or-lower/
383,Ransom Note,EASY,False,https://leetcode.com/problems/ransom-note/
387,First Unique Character in a String,EASY,False,https://leetcode.com/problems/first-unique-character-in-a-string/
389,Find the Difference,EASY,False,https://leetcode.com/problems/find-the-difference/
392,Is Subsequence,EASY,False,https://leetcode.com/problems/is-subsequence/
401,Binary Watch,EASY,False,https://leetcode.com/problems/binary-watch/
404,Sum of Left Leaves,EASY,False,https://leetcode.com/problems/sum-of-left-leaves/
405,Convert a Number to Hexadecimal,EASY,False,https://leetcode.com/problems/convert-a-number-to-hexadecimal/
408,Valid Word Abbreviation,EASY,True,https://leetcode.com/problems/valid-word-abbreviation/
409,Longest Palindrome,EASY,False,https://leetcode.com/problems/longest-palindrome/
412,Fizz Buzz,EASY,False,https://leetcode.com/problems/fizz-buzz/
414,Third Maximum Number,EASY,False,https://leetcode.com/problems/third-maximum-number/
415,Add Strings,EASY,False,https://leetcode.com/problems/add-strings/
422,Valid Word Square,EASY,True,https://leetcode.com/problems/valid-word-square/
434,Number of Segments in a String,EASY,False,https://leetcode.com/problems/number-of-segments-in-a-string/
441,Arranging Coins,EASY,False,https://leetcode.com/problems/arranging-coins/
448,Find All Numbers Disappeared in an Array,EASY,False,https://leetcode.com/problems/find-all-numbers-disappeared-in-an-array/
455,Assign Cookies,EASY,False,https://leetcode.com/problems/assign-cookies/
459,Repeated Substring Pattern,EASY,False,https://leetcode.com/problems/repeated-substring-pattern/
461,Hamming Distance,EASY,False,https://leetcode.com/problems/hamming-distance/
463,Island Perimeter,EASY,False,https://leetcode.com/problems/island-perimeter/
476,Number Complement,EASY,False,https://leetcode.com/problems/number-complement/
482,License Key Formatting,EASY,False,https://leetcode.com/problems/license-key-formatting/
485,Max Consecutive Ones,EASY,False,https://leetcode.com/problems/max-consecutive-ones/
492,Construct the Rectangle,EASY,False,https://leetcode.com/problems/construct-the-rectangle/
495,Teemo Attacking,EASY,False,https://leetcode.com/problems/teemo-attacking/
496,Next Greater Element I,EASY,False,https://leetcode.com/problems/next-greater-element-i/
500,Keyboard Row,EASY,False,https://leetcode.com/problems/keyboard-row/
501,Find Mode in Binary Search Tree,EASY,False,https://leetcode.com/problems/find-mode-in-binary-search-tree/
504,Base 7,EASY,False,https://leetcode.com/problems/base-7/
506,Relative Ranks,EASY,False,https://leetcode.com/problems/relative-ranks/
507,Perfect Number,EASY,False,https://leetcode.com/problems/perfect-number/
509,Fibonacci Number,EASY,False,https://leetcode.com/problems/fibonacci-number/
511,Game Play Analysis I,EASY,False,https://leetcode.com/problems/game-play-analysis-i/
512,Game Play Analysis II,EASY,True,https://leetcode.com/problems/game-play-analysis-ii/
520,Detect Capital,EASY,False,https://leetcode.com/problems/detect-capital/
521,Longest Uncommon Subsequence I,EASY,False,https://leetcode.com/problems/longest-uncommon-subsequence-i/
530,Minimum Absolute Difference in BST,EASY,False,https://leetcode.com/problems/minimum-absolute-difference-in-bst/
541,Reverse String II,EASY,False,https://leetcode.com/problems/reverse-string-ii/
543,Diameter of Binary Tree,EASY,False,https://leetcode.com/problems/diameter-of-binary-tree/
551,Student Attendance Record I,EASY,False,https://leetcode.com/problems/student-attendance-record-i/
557,Reverse Words in a String III,EASY,False,https://leetcode.com/problems/reverse-words-in-a-string-iii/
559,Maximum Depth of N-ary Tree,EASY,False,https://leetcode.com/problems/maximum-depth-of-n-ary-tree/
561,Array Partition,EASY,False,https://leetcode.com/problems/array-partition/
563,Binary Tree Tilt,EASY,False,https://leetcode.com/problems/binary-tree-tilt/
566,Reshape the Matrix,EASY,False,https://leetcode.com/problems/reshape-the-matrix/
572,Subtree of Another Tree,EASY,False,https://leetcode.com/problems/subtree-of-another-tree/
575,Distribute Candies,EASY,False,https://leetcode.com/problems/distribute-candies/
577,Employee Bonus,EASY,False,https://leetcode.com/problems/employee-bonus/
584,Find Customer Referee,EASY,False,https://leetcode.com/problems/find-customer-referee/
586,Customer Placing the Largest Number of Orders,EASY,False,https://leetcode.com/problems/customer-placing-the-largest-number-of-orders/
589,N-ary Tree Preorder Traversal,EASY,False,https://leetcode.com/problems/n-ary-tree-preorder-traversal/
590,N-ary Tree Postorder Traversal,EASY,False,https://leetcode.com/problems/n-ary-tree-postorder-traversal/
594,Longest Harmonious Subsequence,EASY,False,https://leetcode.com/problems/longest-harmonious-subsequence/
595,Big Countries,EASY,False,https://leetcode.com/problems/big-countries/
596,Classes With at Least 5 Students,EASY,False,https://leetcode.com/problems/classes-with-at-least-5-students/
597,Friend Requests I: Overall Acceptance Rate,EASY,True,https://leetcode.com/problems/friend-requests-i-overall-acceptance-rate/
598,Range Addition II,EASY,False,https://leetcode.com/problems/range-addition-ii/
599,Minimum Index Sum of Two Lists,EASY,False,https://leetcode.com/problems/minimum-index-sum-of-two-lists/
603,Consecutive Available Seats,EASY,True,https://leetcode.com/problems/consecutive-available-seats/
604,Design Compressed String Iterator,EASY,True,https://leetcode.com/problems/design-compressed-string-iterator/
605,Can Place Flowers,EASY,False,https://leetcode.com/problems/can-place-flowers/
607,Sales Person,EASY,False,https://leetcode.com/problems/sales-person/
610,Triangle Judgement,EASY,False,https://leetcode.com/problems/triangle-judgement/
613,Shortest Distance in a Line,EASY,True,https://leetcode.com/problems/shortest-distance-in-a-line/
617,Merge Two Binary Trees,EASY,False,https://leetcode.com/problems/merge-two-binary-trees/
619,Biggest Single Number,EASY,False,https://leetcode.com/problems/biggest-single-number/
620,Not Boring Movies,EASY,False,https://leetcode.com/problems/not-boring-movies/
627,Swap Sex of Employees,EASY,False,https://leetcode.com/problems/swap-sex-of-employees/
628,Maximum Product of Three Numbers,EASY,False,https://leetcode.com/problems/maximum-product-of-three-numbers/
637,Average of Levels in Binary Tree,EASY,False,https://leetcode.com/problems/average-of-levels-in-binary-tree/
643,Maximum Average Subarray I,EASY,False,https://leetcode.com/problems/maximum-average-subarray-i/
645,Set Mismatch,EASY,False,https://leetcode.com/problems/set-mismatch/
653,Two Sum IV - Input is a BST,EASY,False,https://leetcode.com/problems/two-sum-iv-input-is-a-bst/
657,Robot Return to Origin,EASY,False,https://leetcode.com/problems/robot-return-to-origin/
661,Image Smoother,EASY,False,https://leetcode.com/problems/image-smoother/
671,Second Minimum Node In a Binary Tree,EASY,False,https://leetcode.com/problems/second-minimum-node-in-a-binary-tree/
674,Longest Continuous Increasing Subsequence,EASY,False,https://leetcode.com/problems/longest-continuous-increasing-subsequence/
680,Valid Palindrome II,EASY,False,https://leetcode.com/problems/valid-palindrome-ii/
682,Baseball Game,EASY,False,https://leetcode.com/problems/baseball-game/
693,Binary Number with Alternating Bits,EASY,False,https://leetcode.com/problems/binary-number-with-alternating-bits/
696,Count Binary Substrings,EASY,False,https://leetcode.com/problems/count-binary-substrings/
697,Degree of an Array,EASY,False,https://leetcode.com/problems/degree-of-an-array/
700,Search in a Binary Search Tree,EASY,False,https://leetcode.com/problems/search-in-a-binary-search-tree/
703,Kth Largest Element in a Stream,EASY,False,https://leetcode.com/problems/kth-largest-element-in-a-stream/
704,Binary Search,EASY,False,https://leetcode.com/problems/binary-search/
705,Design HashSet,EASY,False,https://leetcode.com/problems/design-hashset/
706,Design HashMap,EASY,False,https://leetcode.com/problems/design-hashmap/
709,To Lower Case,EASY,False,https://leetcode.com/problems/to-lower-case/
717,1-bit and 2-bit Characters,EASY,False,https://leetcode.com/problems/1-bit-and-2-bit-characters/
724,Find Pivot Index,EASY,False,https://leetcode.com/problems/find-pivot-index/
728,Self Dividing Numbers,EASY,False,https://leetcode.com/problems/self-dividing-numbers/
733,Flood Fill,EASY,False,https://leetcode.com/problems/flood-fill/
734,Sentence Similarity,EASY,True,https://leetcode.com/problems/sentence-similarity/
744,Find Smallest Letter Greater Than Target,EASY,False,https://leetcode.com/problems/find-smallest-letter-greater-than-target/
746,Min Cost Climbing Stairs,EASY,False,https://leetcode.com/problems/min-cost-climbing-stairs/
747,Largest Number At Least Twice of Others,EASY,False,https://leetcode.com/problems/largest-number-at-least-twice-of-others/
748,Shortest Completing Word,EASY,False,https://leetcode.com/problems/shortest-completing-word/
760,Find Anagram Mappings,EASY,True,https://leetcode.com/problems/find-anagram-mappings/
762,Prime Number of Set Bits in Binary Representation,EASY,False,https://leetcode.com/problems/prime-number-of-set-bits-in-binary-representation/
766,Toeplitz Matrix,EASY,False,https://leetcode.com/problems/toeplitz-matrix/
771,Jewels and Stones,EASY,False,https://leetcode.com/problems/jewels-and-stones/
783,Minimum Distance Between BST Nodes,EASY,False,https://leetcode.com/problems/minimum-distance-between-bst-nodes/
796,Rotate String,EASY,False,https://leetcode.com/problems/rotate-string/
800,Similar RGB Color,EASY,True,https://leetcode.com/problems/similar-rgb-color/
804,Unique Morse Code Words,EASY,False,https://leetcode.com/problems/unique-morse-code-words/
806,Number of Lines To Write String,EASY,False,https://leetcode.com/problems/number-of-lines-to-write-string/
812,Largest Triangle Area,EASY,False,https://leetcode.com/problems/largest-triangle-area/
819,Most Common Word,EASY,False,https://leetcode.com/problems/most-common-word/
821,Shortest Distance to a Character,EASY,False,https://leetcode.com/problems/shortest-distance-to-a-character/
824,Goat Latin,EASY,False,https://leetcode.com/problems/goat-latin/
830,Positions of Large Groups,EASY,False,https://leetcode.com/problems/positions-of-large-groups/
832,Flipping an Image,EASY,False,https://leetcode.com/problems/flipping-an-image/
836,Rectangle Overlap,EASY,False,https://leetcode.com/problems/rectangle-overlap/
844,Backspace String Compare,EASY,False,https://leetcode.com/problems/backspace-string-compare/
859,Buddy Strings,EASY,False,https://leetcode.com/problems/buddy-strings/
860,Lemonade Change,EASY,False,https://leetcode.com/problems/lemonade-change/
867,Transpose Matrix,EASY,False,https://leetcode.com/problems/transpose-matrix/
868,Binary Gap,EASY,False,https://leetcode.com/problems/binary-gap/
872,Leaf-Similar Trees,EASY,False,https://leetcode.com/problems/leaf-similar-trees/
876,Middle of the Linked List,EASY,False,https://leetcode.com/problems/middle-of-the-linked-list/
883,Projection Area of 3D Shapes,EASY,False,https://leetcode.com/problems/projection-area-of-3d-shapes/
884,Uncommon Words from Two Sentences,EASY,False,https://leetcode.com/problems/uncommon-words-from-two-sentences/
888,Fair Candy Swap,EASY,False,https://leetcode.com/problems/fair-candy-swap/
892,Surface Area of 3D Shapes,EASY,False,https://leetcode.com/problems/surface-area-of-3d-shapes/
896,Monotonic Array,EASY,False,https://leetcode.com/problems/monotonic-array/
897,Increasing Order Search Tree,EASY,False,https://leetcode.com/problems/increasing-order-search-tree/
905,Sort Array By Parity,EASY,False,https://leetcode.com/problems/sort-array-by-parity/
908,Smallest Range I,EASY,False,https://leetcode.com/problems/smallest-range-i/
914,X of a Kind in a Deck of Cards,EASY,False,https://leetcode.com/problems/x-of-a-kind-in-a-deck-of-cards/
917,Reverse Only Letters,EASY,False,https://leetcode.com/problems/reverse-only-letters/
922,Sort Array By Parity II,EASY,False,https://leetcode.com/problems/sort-array-by-parity-ii/
925,Long Pressed Name,EASY,False,https://leetcode.com/problems/long-pressed-name/
929,Unique Email Addresses,EASY,False,https://leetcode.com/problems/unique-email-addresses/
933,Number of Recent Calls,EASY,False,https://leetcode.com/problems/number-of-recent-calls/
938,Range Sum of BST,EASY,False,https://leetcode.com/problems/range-sum-of-bst/
941,Valid Mountain Array,EASY,False,https://leetcode.com/problems/valid-mountain-array/
942,DI String Match,EASY,False,https://leetcode.com/problems/di-string-match/
944,Delete Columns to Make Sorted,EASY,False,https://leetcode.com/problems/delete-columns-to-make-sorted/
953,Verifying an Alien Dictionary,EASY,False,https://leetcode.com/problems/verifying-an-alien-dictionary/
961,N-Repeated Element in Size 2N Array,EASY,False,https://leetcode.com/problems/n-repeated-element-in-size-2n-array/
965,Univalued Binary Tree,EASY,False,https://leetcode.com/problems/univalued-binary-tree/
976,Largest Perimeter Triangle,EASY,False,https://leetcode.com/problems/largest-perimeter-triangle/
977,Squares of a Sorted Array,EASY,False,https://leetcode.com/problems/squares-of-a-sorted-array/
989,Add to Array-Form of Integer,EASY,False,https://leetcode.com/problems/add-to-array-form-of-integer/
993,Cousins in Binary Tree,EASY,False,https://leetcode.com/problems/cousins-in-binary-tree/
997,Find the Town Judge,EASY,False,https://leetcode.com/problems/find-the-town-judge/
999,Available Captures for Rook,EASY,False,https://leetcode.com/problems/available-captures-for-rook/
1002,Find Common Characters,EASY,False,https://leetcode.com/problems/find-common-characters/
1005,Maximize Sum Of Array After K Negations,EASY,False,https://leetcode.com/problems/maximize-sum-of-array-after-k-negations/
1009,Complement of Base 10 Integer,EASY,False,https://leetcode.com/problems/complement-of-base-10-integer/
1013,Partition Array Into Three Parts With Equal Sum,EASY,False,https://leetcode.com/problems/partition-array-into-three-parts-with-equal-sum/
1018,Binary Prefix Divisible By 5,EASY,False,https://leetcode.com/problems/binary-prefix-divisible-by-5/
1021,Remove Outermost Parentheses,EASY,False,https://leetcode.com/problems/remove-outermost-parentheses/
1022,Sum of Root To Leaf Binary Numbers,EASY,False,https://leetcode.com/problems/sum-of-root-to-leaf-binary-numbers/
1025,Divisor Game,EASY,False,https://leetcode.com/problems/divisor-game/
1030,Matrix Cells in Distance Order,EASY,False,https://leetcode.com/problems/matrix-cells-in-distance-order/
1037,Valid Boomerang,EASY,False,https://leetcode.com/problems/valid-boomerang/
1046,Last Stone Weight,EASY,False,https://leetcode.com/problems/last-stone-weight/
1047,Remove All Adjacent Duplicates In String,EASY,False,https://leetcode.com/problems/remove-all-adjacent-duplicates-in-string/
1050,Actors and Directors Who Cooperated At Least Three Times,EASY,False,https://leetcode.com/problems/actors-and-directors-who-cooperated-at-least-three-times/
1051,Height Checker,EASY,False,https://leetcode.com/problems/height-checker/
1056,Confusing Number,EASY,True,https://leetcode.com/problems/confusing-number/
1064,Fixed Point,EASY,True,https://leetcode.com/problems/fixed-point/
1065,Index Pairs of a String,EASY,True,https://leetcode.com/problems/index-pairs-of-a-string/
1068,Product Sales Analysis I,EASY,False,https://leetcode.com/problems/product-sales-analysis-i/
1069,Product Sales Analysis II,EASY,True,https://leetcode.com/problems/product-sales-analysis-ii/
1071,Greatest Common Divisor of Strings,EASY,False,https://leetcode.com/problems/greatest-common-divisor-of-strings/
1075,Project Employees I,EASY,False,https://leetcode.com/problems/project-employees-i/
1076,Project Employees II,EASY,True,https://leetcode.com/problems/project-employees-ii/
1078,Occurrences After Bigram,EASY,False,https://leetcode.com/problems/occurrences-after-bigram/
1082,Sales Analysis I,EASY,True,https://leetcode.com/problems/sales-analysis-i/
1083,Sales Analysis II,EASY,True,https://leetcode.com/problems/sales-analysis-ii/
1084,Sales Analysis III,EASY,False,https://leetcode.com/problems/sales-analysis-iii/
1085,Sum of Digits in the Minimum Number,EASY,True,https://leetcode.com/problems/sum-of-digits-in-the-minimum-number/
1086,High Five,EASY,True,https://leetcode.com/problems/high-five/
1089,Duplicate Zeros,EASY,False,https://leetcode.com/problems/duplicate-zeros/
1099,Two Sum Less Than K,EASY,True,https://leetcode.com/problems/two-sum-less-than-k/
1103,Distribute Candies to People,EASY,False,https://leetcode.com/problems/distribute-candies-to-people/
1108,Defanging an IP Address,EASY,False,https://leetcode.com/problems/defanging-an-ip-address/
1113,Reported Posts,EASY,True,https://leetcode.com/problems/reported-posts/
1114,Print in Order,EASY,False,https://leetcode.com/problems/print-in-order/
1118,Number of Days in a Month,EASY,True,https://leetcode.com/problems/number-of-days-in-a-month/
1119,Remove Vowels from a String,EASY,True,https://leetcode.com/problems/remove-vowels-from-a-string/
1122,Relative Sort Array,EASY,False,https://leetcode.com/problems/relative-sort-array/
1128,Number of Equivalent Domino Pairs,EASY,False,https://leetcode.com/problems/number-of-equivalent-domino-pairs/
1133,Largest Unique Number,EASY,True,https://leetcode.com/problems/largest-unique-number/
1134,Armstrong Number,EASY,True,https://leetcode.com/problems/armstrong-number/
1137,N-th Tribonacci Number,EASY,False,https://leetcode.com/problems/n-th-tribonacci-number/
1141,User Activity for the Past 30 Days I,EASY,False,https://leetcode.com/problems/user-activity-for-the-past-30-days-i/
1142,User Activity for the Past 30 Days II,EASY,True,https://leetcode.com/problems/user-activity-for-the-past-30-days-ii/
1148,Article Views I,EASY,False,https://leetcode.com/problems/article-views-i/
1150,Check If a Number Is Majority Element in a Sorted Array,EASY,True,https://leetcode.com/problems/check-if-a-number-is-majority-element-in-a-sorted-array/
1154,Day of the Year,EASY,False,https://leetcode.com/problems/day-of-the-year/
1160,Find Words That Can Be Formed by Characters,EASY,False,https://leetcode.com/problems/find-words-that-can-be-formed-by-characters/
1165,Single-Row Keyboard,EASY,True,https://leetcode.com/problems/single-row-keyboard/
1173,Immediate Food Delivery I,EASY,True,https://leetcode.com/problems/immediate-food-delivery-i/
1175,Prime Arrangements,EASY,False,https://leetcode.com/problems/prime-arrangements/
1176,Diet Plan Performance,EASY,True,https://leetcode.com/problems/diet-plan-performance/
1179,Reformat Department Table,EASY,False,https://leetcode.com/problems/reformat-department-table/
1180,Count Substrings with Only One Distinct Letter,EASY,True,https://leetcode.com/problems/count-substrings-with-only-one-distinct-letter/
1184,Distance Between Bus Stops,EASY,False,https://leetcode.com/problems/distance-between-bus-stops/
1185,Day of the Week,EASY,False,https://leetcode.com/problems/day-of-the-week/
1189,Maximum Number of Balloons,EASY,False,https://leetcode.com/problems/maximum-number-of-balloons/
1196,How Many Apples Can You Put into the Basket,EASY,True,https://leetcode.com/problems/how-many-apples-can-you-put-into-the-basket/
1200,Minimum Absolute Difference,EASY,False,https://leetcode.com/problems/minimum-absolute-difference/
1207,Unique Number of Occurrences,EASY,False,https://leetcode.com/problems/unique-number-of-occurrences/
1211,Queries Quality and Percentage,EASY,False,https://leetcode.com/problems/queries-quality-and-percentage/
1213,Intersection of Three Sorted Arrays,EASY,True,https://leetcode.com/problems/intersection-of-three-sorted-arrays/
1217,Minimum Cost to Move Chips to The Same Position,EASY,False,https://leetcode.com/problems/minimum-cost-to-move-chips-to-the-same-position/
1221,Split a String in Balanced Strings,EASY,False,https://leetcode.com/problems/split-a-string-in-balanced-strings/
1228,Missing Number In Arithmetic Progression,EASY,True,https://leetcode.com/problems/missing-number-in-arithmetic-progression/
1232,Check If It Is a Straight Line,EASY,False,https://leetcode.com/problems/check-if-it-is-a-straight-line/
1241,Number of Comments per Post,EASY,True,https://leetcode.com/problems/number-of-comments-per-post/
1243,Array Transformation,EASY,True,https://leetcode.com/problems/array-transformation/
1251,Average Selling Price,EASY,False,https://leetcode.com/problems/average-selling-price/
1252,Cells with Odd Values in a Matrix,EASY,False,https://leetcode.com/problems/cells-with-odd-values-in-a-matrix/
1260,Shift 2D Grid,EASY,False,https://leetcode.com/problems/shift-2d-grid/
1266,Minimum Time Visiting All Points,EASY,False,https://leetcode.com/problems/minimum-time-visiting-all-points/
1271,Hexspeak,EASY,True,https://leetcode.com/problems/hexspeak/
1275,Find Winner on a Tic Tac Toe Game,EASY,False,https://leetcode.com/problems/find-winner-on-a-tic-tac-toe-game/
1279,Traffic Light Controlled Intersection,EASY,True,https://leetcode.com/problems/traffic-light-controlled-intersection/
1280,Students and Examinations,EASY,False,https://leetcode.com/problems/students-and-examinations/
1281,Subtract the Product and Sum of Digits of an Integer,EASY,False,https://leetcode.com/problems/subtract-the-product-and-sum-of-digits-of-an-integer/
1287,Element Appearing More Than 25% In Sorted Array,EASY,False,https://leetcode.com/problems/element-appearing-more-than-25-in-sorted-array/
1290,Convert Binary Number in a Linked List to Integer,EASY,False,https://leetcode.com/problems/convert-binary-number-in-a-linked-list-to-integer/
1294,Weather Type in Each Country,EASY,True,https://leetcode.com/problems/weather-type-in-each-country/
1295,Find Numbers with Even Number of Digits,EASY,False,https://leetcode.com/problems/find-numbers-with-even-number-of-digits/
1299,Replace Elements with Greatest Element on Right Side,EASY,False,https://leetcode.com/problems/replace-elements-with-greatest-element-on-right-side/
1303,Find the Team Size,EASY,True,https://leetcode.com/problems/find-the-team-size/
1304,Find N Unique Integers Sum up to Zero,EASY,False,https://leetcode.com/problems/find-n-unique-integers-sum-up-to-zero/
1309,Decrypt String from Alphabet to Integer Mapping,EASY,False,https://leetcode.com/problems/decrypt-string-from-alphabet-to-integer-mapping/
1313,Decompress Run-Length Encoded List,EASY,False,https://leetcode.com/problems/decompress-run-length-encoded-list/
1317,Convert Integer to the Sum of Two No-Zero Integers,EASY,False,https://leetcode.com/problems/convert-integer-to-the-sum-of-two-no-zero-integers/
1322,Ads Performance,EASY,True,https://leetcode.com/problems/ads-performance/
1323,Maximum 69 Number,EASY,False,https://leetcode.com/problems/maximum-69-number/
1327,List the Products Ordered in a Period,EASY,False,https://leetcode.com/problems/list-the-products-ordered-in-a-period/
1331,Rank Transform of an Array,EASY,False,https://leetcode.com/problems/rank-transform-of-an-array/
1332,Remove Palindromic Subsequences,EASY,False,https://leetcode.com/problems/remove-palindromic-subsequences/
1337,The K Weakest Rows in a Matrix,EASY,False,https://leetcode.com/problems/the-k-weakest-rows-in-a-matrix/
1342,Number of Steps to Reduce a Number to Zero,EASY,False,https://leetcode.com/problems/number-of-steps-to-reduce-a-number-to-zero/
1346,Check If N and Its Double Exist,EASY,False,https://leetcode.com/problems/check-if-n-and-its-double-exist/
1350,Students With Invalid Departments,EASY,True,https://leetcode.com/problems/students-with-invalid-departments/
1351,Count Negative Numbers in a Sorted Matrix,EASY,False,https://leetcode.com/problems/count-negative-numbers-in-a-sorted-matrix/
1356,Sort Integers by The Number of 1 Bits,EASY,False,https://leetcode.com/problems/sort-integers-by-the-number-of-1-bits/
1360,Number of Days Between Two Dates,EASY,False,https://leetcode.com/problems/number-of-days-between-two-dates/
1365,How Many Numbers Are Smaller Than the Current Number,EASY,False,https://leetcode.com/problems/how-many-numbers-are-smaller-than-the-current-number/
1370,Increasing Decreasing String,EASY,False,https://leetcode.com/problems/increasing-decreasing-string/
1374,Generate a String With Characters That Have Odd Counts,EASY,False,https://leetcode.com/problems/generate-a-string-with-characters-that-have-odd-counts/
1378,Replace Employee ID With The Unique Identifier,EASY,False,https://leetcode.com/problems/replace-employee-id-with-the-unique-identifier/
1379,Find a Corresponding Node of a Binary Tree in a Clone of That Tree,EASY,False,https://leetcode.com/problems/find-a-corresponding-node-of-a-binary-tree-in-a-clone-of-that-tree/
1380,Lucky Numbers in a Matrix,EASY,False,https://leetcode.com/problems/lucky-numbers-in-a-matrix/
1385,Find the Distance Value Between Two Arrays,EASY,False,https://leetcode.com/problems/find-the-distance-value-between-two-arrays/
1389,Create Target Array in the Given Order,EASY,False,https://leetcode.com/problems/create-target-array-in-the-given-order/
1394,Find Lucky Integer in an Array,EASY,False,https://leetcode.com/problems/find-lucky-integer-in-an-array/
1399,Count Largest Group,EASY,False,https://leetcode.com/problems/count-largest-group/
1403,Minimum Subsequence in Non-Increasing Order,EASY,False,https://leetcode.com/problems/minimum-subsequence-in-non-increasing-order/
1407,Top Travellers,EASY,False,https://leetcode.com/problems/top-travellers/
1408,String Matching in an Array,EASY,False,https://leetcode.com/problems/string-matching-in-an-array/
1413,Minimum Value to Get Positive Step by Step Sum,EASY,False,https://leetcode.com/problems/minimum-value-to-get-positive-step-by-step-sum/
1417,Reformat The String,EASY,False,https://leetcode.com/problems/reformat-the-string/
1421,NPV Queries,EASY,True,https://leetcode.com/problems/npv-queries/
1422,Maximum Score After Splitting a String,EASY,False,https://leetcode.com/problems/maximum-score-after-splitting-a-string/
1426,Counting Elements,EASY,True,https://leetcode.com/problems/counting-elements/
1427,Perform String Shifts,EASY,True,https://leetcode.com/problems/perform-string-shifts/
1431,Kids With the Greatest Number of Candies,EASY,False,https://leetcode.com/problems/kids-with-the-greatest-number-of-candies/
1435,Create a Session Bar Chart,EASY,True,https://leetcode.com/problems/create-a-session-bar-chart/
1436,Destination City,EASY,False,https://leetcode.com/problems/destination-city/
1437,Check If All 1's Are at Least Length K Places Away,EASY,False,https://leetcode.com/problems/check-if-all-1s-are-at-least-length-k-places-away/
1446,Consecutive Characters,EASY,False,https://leetcode.com/problems/consecutive-characters/
1450,Number of Students Doing Homework at a Given Time,EASY,False,https://leetcode.com/problems/number-of-students-doing-homework-at-a-given-time/
1455,Check If a Word Occurs As a Prefix of Any Word in a Sentence,EASY,False,https://leetcode.com/problems/check-if-a-word-occurs-as-a-prefix-of-any-word-in-a-sentence/
1460,Make Two Arrays Equal by Reversing Subarrays,EASY,False,https://leetcode.com/problems/make-two-arrays-equal-by-reversing-subarrays/
1464,Maximum Product of Two Elements in an Array,EASY,False,https://leetcode.com/problems/maximum-product-of-two-elements-in-an-array/
1469,Find All The Lonely Nodes,EASY,True,https://leetcode.com/problems/find-all-the-lonely-nodes/
1470,Shuffle the Array,EASY,False,https://leetcode.com/problems/shuffle-the-array/
1474,Delete N Nodes After M Nodes of a Linked List,EASY,True,https://leetcode.com/problems/delete-n-nodes-after-m-nodes-of-a-linked-list/
1475,Final Prices With a Special Discount in a Shop,EASY,False,https://leetcode.com/problems/final-prices-with-a-special-discount-in-a-shop/
1480,Running Sum of 1d Array,EASY,False,https://leetcode.com/problems/running-sum-of-1d-array/
1484,Group Sold Products By The Date,EASY,False,https://leetcode.com/problems/group-sold-products-by-the-date/
1486,XOR Operation in an Array,EASY,False,https://leetcode.com/problems/xor-operation-in-an-array/
1491,Average Salary Excluding the Minimum and Maximum Salary,EASY,False,https://leetcode.com/problems/average-salary-excluding-the-minimum-and-maximum-salary/
1495,Friendly Movies Streamed Last Month,EASY,True,https://leetcode.com/problems/friendly-movies-streamed-last-month/
1496,Path Crossing,EASY,False,https://leetcode.com/problems/path-crossing/
1502,Can Make Arithmetic Progression From Sequence,EASY,False,https://leetcode.com/problems/can-make-arithmetic-progression-from-sequence/
1507,Reformat Date,EASY,False,https://leetcode.com/problems/reformat-date/
1511,Customer Order Frequency,EASY,True,https://leetcode.com/problems/customer-order-frequency/
1512,Number of Good Pairs,EASY,False,https://leetcode.com/problems/number-of-good-pairs/
1517,Find Users With Valid E-Mails,EASY,False,https://leetcode.com/problems/find-users-with-valid-e-mails/
1518,Water Bottles,EASY,False,https://leetcode.com/problems/water-bottles/
1523,Count Odd Numbers in an Interval Range,EASY,False,https://leetcode.com/problems/count-odd-numbers-in-an-interval-range/
1527,Patients With a Condition,EASY,False,https://leetcode.com/problems/patients-with-a-condition/
1528,Shuffle String,EASY,False,https://leetcode.com/problems/shuffle-string/
1534,Count Good Triplets,EASY,False,https://leetcode.com/problems/count-good-triplets/
1539,Kth Missing Positive Number,EASY,False,https://leetcode.com/problems/kth-missing-positive-number/
1543,Fix Product Name Format,EASY,True,https://leetcode.com/problems/fix-product-name-format/
1544,Make The String Great,EASY,False,https://leetcode.com/problems/make-the-string-great/
1550,Three Consecutive Odds,EASY,False,https://leetcode.com/problems/three-consecutive-odds/
1556,Thousand Separator,EASY,False,https://leetcode.com/problems/thousand-separator/
1560,Most Visited Sector in  a Circular Track,EASY,False,https://leetcode.com/problems/most-visited-sector-in-a-circular-track/
1565,Unique Orders and Customers Per Month,EASY,True,https://leetcode.com/problems/unique-orders-and-customers-per-month/
1566,Detect Pattern of Length M Repeated K or More Times,EASY,False,https://leetcode.com/problems/detect-pattern-of-length-m-repeated-k-or-more-times/
1571,Warehouse Manager,EASY,True,https://leetcode.com/problems/warehouse-manager/
1572,Matrix Diagonal Sum,EASY,False,https://leetcode.com/problems/matrix-diagonal-sum/
1576,Replace All ?'s to Avoid Consecutive Repeating Characters,EASY,False,https://leetcode.com/problems/replace-all-s-to-avoid-consecutive-repeating-characters/
1581,Customer Who Visited but Did Not Make Any Transactions,EASY,False,https://leetcode.com/problems/customer-who-visited-but-did-not-make-any-transactions/
1582,Special Positions in a Binary Matrix,EASY,False,https://leetcode.com/problems/special-positions-in-a-binary-matrix/
1587,Bank Account Summary II,EASY,False,https://leetcode.com/problems/bank-account-summary-ii/
1588,Sum of All Odd Length Subarrays,EASY,False,https://leetcode.com/problems/sum-of-all-odd-length-subarrays/
1592,Rearrange Spaces Between Words,EASY,False,https://leetcode.com/problems/rearrange-spaces-between-words/
1598,Crawler Log Folder,EASY,False,https://leetcode.com/problems/crawler-log-folder/
1603,Design Parking System,EASY,False,https://leetcode.com/problems/design-parking-system/
1607,Sellers With No Sales,EASY,True,https://leetcode.com/problems/sellers-with-no-sales/
1608,Special Array With X Elements Greater Than or Equal X,EASY,False,https://leetcode.com/problems/special-array-with-x-elements-greater-than-or-equal-x/
1614,Maximum Nesting Depth of the Parentheses,EASY,False,https://leetcode.com/problems/maximum-nesting-depth-of-the-parentheses/
1619,Mean of Array After Removing Some Elements,EASY,False,https://leetcode.com/problems/mean-of-array-after-removing-some-elements/
1623,All Valid Triplets That Can Represent a Country,EASY,True,https://leetcode.com/problems/all-valid-triplets-that-can-represent-a-country/
1624,Largest Substring Between Two Equal Characters,EASY,False,https://leetcode.com/problems/largest-substring-between-two-equal-characters/
1629,Slowest Key,EASY,False,https://leetcode.com/problems/slowest-key/
1633,Percentage of Users Attended a Contest,EASY,False,https://leetcode.com/problems/percentage-of-users-attended-a-contest/
1636,Sort Array by Increasing Frequency,EASY,False,https://leetcode.com/problems/sort-array-by-increasing-frequency/
1637,Widest Vertical Area Between Two Points Containing No Points,EASY,False,https://leetcode.com/problems/widest-vertical-area-between-two-points-containing-no-points/
1640,Check Array Formation Through Concatenation,EASY,False,https://leetcode.com/problems/check-array-formation-through-concatenation/
1646,Get Maximum in Generated Array,EASY,False,https://leetcode.com/problems/get-maximum-in-generated-array/
1652,Defuse the Bomb,EASY,False,https://leetcode.com/problems/defuse-the-bomb/
1656,Design an Ordered Stream,EASY,False,https://leetcode.com/problems/design-an-ordered-stream/
1661,Average Time of Process per Machine,EASY,False,https://leetcode.com/problems/average-time-of-process-per-machine/
1662,Check If Two String Arrays are Equivalent,EASY,False,https://leetcode.com/problems/check-if-two-string-arrays-are-equivalent/
1667,Fix Names in a Table,EASY,False,https://leetcode.com/problems/fix-names-in-a-table/
1668,Maximum Repeating Substring,EASY,False,https://leetcode.com/problems/maximum-repeating-substring/
1672,Richest Customer Wealth,EASY,False,https://leetcode.com/problems/richest-customer-wealth/
1677,Product's Worth Over Invoices,EASY,True,https://leetcode.com/problems/products-worth-over-invoices/
1678,Goal Parser Interpretation,EASY,False,https://leetcode.com/problems/goal-parser-interpretation/
1683,Invalid Tweets,EASY,False,https://leetcode.com/problems/invalid-tweets/
1684,Count the Number of Consistent Strings,EASY,False,https://leetcode.com/problems/count-the-number-of-consistent-strings/
1688,Count of Matches in Tournament,EASY,False,https://leetcode.com/problems/count-of-matches-in-tournament/
1693,Daily Leads and Partners,EASY,False,https://leetcode.com/problems/daily-leads-and-partners/
1694,Reformat Phone Number,EASY,False,https://leetcode.com/problems/reformat-phone-number/
1700,Number of Students Unable to Eat Lunch,EASY,False,https://leetcode.com/problems/number-of-students-unable-to-eat-lunch/
1704,Determine if String Halves Are Alike,EASY,False,https://leetcode.com/problems/determine-if-string-halves-are-alike/
1708,Largest Subarray Length K,EASY,True,https://leetcode.com/problems/largest-subarray-length-k/
1710,Maximum Units on a Truck,EASY,False,https://leetcode.com/problems/maximum-units-on-a-truck/
1716,Calculate Money in Leetcode Bank,EASY,False,https://leetcode.com/problems/calculate-money-in-leetcode-bank/
1720,Decode XORed Array,EASY,False,https://leetcode.com/problems/decode-xored-array/
1725,Number Of Rectangles That Can Form The Largest Square,EASY,False,https://leetcode.com/problems/number-of-rectangles-that-can-form-the-largest-square/
1729,Find Followers Count,EASY,False,https://leetcode.com/problems/find-followers-count/
1731,The Number of Employees Which Report to Each Employee,EASY,False,https://leetcode.com/problems/the-number-of-employees-which-report-to-each-employee/
1732,Find the Highest Altitude,EASY,False,https://leetcode.com/problems/find-the-highest-altitude/
1736,Latest Time by Replacing Hidden Digits,EASY,False,https://leetcode.com/problems/latest-time-by-replacing-hidden-digits/
1741,Find Total Time Spent by Each Employee,EASY,False,https://leetcode.com/problems/find-total-time-spent-by-each-employee/
1742,Maximum Number of Balls in a Box,EASY,False,https://leetcode.com/problems/maximum-number-of-balls-in-a-box/
1748,Sum of Unique Elements,EASY,False,https://leetcode.com/problems/sum-of-unique-elements/
1752,Check if Array Is Sorted and Rotated,EASY,False,https://leetcode.com/problems/check-if-array-is-sorted-and-rotated/
1757,Recyclable and Low Fat Products,EASY,False,https://leetcode.com/problems/recyclable-and-low-fat-products/
1758,Minimum Changes To Make Alternating Binary String,EASY,False,https://leetcode.com/problems/minimum-changes-to-make-alternating-binary-string/
1763,Longest Nice Substring,EASY,False,https://leetcode.com/problems/longest-nice-substring/
1768,Merge Strings Alternately,EASY,False,https://leetcode.com/problems/merge-strings-alternately/
1773,Count Items Matching a Rule,EASY,False,https://leetcode.com/problems/count-items-matching-a-rule/
1777,Product's Price for Each Store,EASY,True,https://leetcode.com/problems/products-price-for-each-store/
1779,Find Nearest Point That Has the Same X or Y Coordinate,EASY,False,https://leetcode.com/problems/find-nearest-point-that-has-the-same-x-or-y-coordinate/
1784,Check if Binary String Has at Most One Segment of Ones,EASY,False,https://leetcode.com/problems/check-if-binary-string-has-at-most-one-segment-of-ones/
1789,Primary Department for Each Employee,EASY,False,https://leetcode.com/problems/primary-department-for-each-employee/
1790,Check if One String Swap Can Make Strings Equal,EASY,False,https://leetcode.com/problems/check-if-one-string-swap-can-make-strings-equal/
1791,Find Center of Star Graph,EASY,False,https://leetcode.com/problems/find-center-of-star-graph/
1795,Rearrange Products Table,EASY,False,https://leetcode.com/problems/rearrange-products-table/
1796,Second Largest Digit in a String,EASY,False,https://leetcode.com/problems/second-largest-digit-in-a-string/
1800,Maximum Ascending Subarray Sum,EASY,False,https://leetcode.com/problems/maximum-ascending-subarray-sum/
1805,Number of Different Integers in a String,EASY,False,https://leetcode.com/problems/number-of-different-integers-in-a-string/
1809,Ad-Free Sessions,EASY,True,https://leetcode.com/problems/ad-free-sessions/
1812,Determine Color of a Chessboard Square,EASY,False,https://leetcode.com/problems/determine-color-of-a-chessboard-square/
1816,Truncate Sentence,EASY,False,https://leetcode.com/problems/truncate-sentence/
1821,Find Customers With Positive Revenue this Year,EASY,True,https://leetcode.com/problems/find-customers-with-positive-revenue-this-year/
1822,Sign of the Product of an Array,EASY,False,https://leetcode.com/problems/sign-of-the-product-of-an-array/
1826,Faulty Sensor,EASY,True,https://leetcode.com/problems/faulty-sensor/
1827,Minimum Operations to Make the Array Increasing,EASY,False,https://leetcode.com/problems/minimum-operations-to-make-the-array-increasing/
1832,Check if the Sentence Is Pangram,EASY,False,https://leetcode.com/problems/check-if-the-sentence-is-pangram/
1837,Sum of Digits in Base K,EASY,False,https://leetcode.com/problems/sum-of-digits-in-base-k/
1844,Replace All Digits with Characters,EASY,False,https://leetcode.com/problems/replace-all-digits-with-characters/
1848,Minimum Distance to the Target Element,EASY,False,https://leetcode.com/problems/minimum-distance-to-the-target-element/
1853,Convert Date Format,EASY,True,https://leetcode.com/problems/convert-date-format/
1854,Maximum Population Year,EASY,False,https://leetcode.com/problems/maximum-population-year/
1859,Sorting the Sentence,EASY,False,https://leetcode.com/problems/sorting-the-sentence/
1863,Sum of All Subset XOR Totals,EASY,False,https://leetcode.com/problems/sum-of-all-subset-xor-totals/
1869,Longer Contiguous Segments of Ones than Zeros,EASY,False,https://leetcode.com/problems/longer-contiguous-segments-of-ones-than-zeros/
1873,Calculate Special Bonus,EASY,False,https://leetcode.com/problems/calculate-special-bonus/
1876,Substrings of Size Three with Distinct Characters,EASY,False,https://leetcode.com/problems/substrings-of-size-three-with-distinct-characters/
1880,Check if Word Equals Summation of Two Words,EASY,False,https://leetcode.com/problems/check-if-word-equals-summation-of-two-words/
1886,Determine Whether Matrix Can Be Obtained By Rotation,EASY,False,https://leetcode.com/problems/determine-whether-matrix-can-be-obtained-by-rotation/
1890,The Latest Login in 2020,EASY,False,https://leetcode.com/problems/the-latest-login-in-2020/
1893,Check if All the Integers in a Range Are Covered,EASY,False,https://leetcode.com/problems/check-if-all-the-integers-in-a-range-are-covered/
1897,Redistribute Characters to Make All Strings Equal,EASY,False,https://leetcode.com/problems/redistribute-characters-to-make-all-strings-equal/
1903,Largest Odd Number in String,EASY,False,https://leetcode.com/problems/largest-odd-number-in-string/
1909,Remove One Element to Make the Array Strictly Increasing,EASY,False,https://leetcode.com/problems/remove-one-element-to-make-the-array-strictly-increasing/
1913,Maximum Product Difference Between Two Pairs,EASY,False,https://leetcode.com/problems/maximum-product-difference-between-two-pairs/
1920,Build Array from Permutation,EASY,False,https://leetcode.com/problems/build-array-from-permutation/
1925,Count Square Sum Triples,EASY,False,https://leetcode.com/problems/count-square-sum-triples/
1929,Concatenation of Array,EASY,False,https://leetcode.com/problems/concatenation-of-array/
1933,Check if String Is Decomposable Into Value-Equal Substrings,EASY,True,https://leetcode.com/problems/check-if-string-is-decomposable-into-value-equal-substrings/
1935,Maximum Number of Words You Can Type,EASY,False,https://leetcode.com/problems/maximum-number-of-words-you-can-type/
1939,Users That Actively Request Confirmation Messages,EASY,True,https://leetcode.com/problems/users-that-actively-request-confirmation-messages/
1941,Check if All Characters Have Equal Number of Occurrences,EASY,False,https://leetcode.com/problems/check-if-all-characters-have-equal-number-of-occurrences/
1945,Sum of Digits of String After Convert,EASY,False,https://leetcode.com/problems/sum-of-digits-of-string-after-convert/
1952,Three Divisors,EASY,False,https://leetcode.com/problems/three-divisors/
1957,Delete Characters to Make Fancy String,EASY,False,https://leetcode.com/problems/delete-characters-to-make-fancy-string/
1961,Check If String Is a Prefix of Array,EASY,False,https://leetcode.com/problems/check-if-string-is-a-prefix-of-array/
1965,Employees With Missing Information,EASY,False,https://leetcode.com/problems/employees-with-missing-information/
1967,Number of Strings That Appear as Substrings in Word,EASY,False,https://leetcode.com/problems/number-of-strings-that-appear-as-substrings-in-word/
1971,Find if Path Exists in Graph,EASY,False,https://leetcode.com/problems/find-if-path-exists-in-graph/
1974,Minimum Time to Type Word Using Special Typewriter,EASY,False,https://leetcode.com/problems/minimum-time-to-type-word-using-special-typewriter/
1978,Employees Whose Manager Left the Company,EASY,False,https://leetcode.com/problems/employees-whose-manager-left-the-company/
1979,Find Greatest Common Divisor of Array,EASY,False,https://leetcode.com/problems/find-greatest-common-divisor-of-array/
1984,Minimum Difference Between Highest and Lowest of K Scores,EASY,False,https://leetcode.com/problems/minimum-difference-between-highest-and-lowest-of-k-scores/
1991,Find the Middle Index in Array,EASY,False,https://leetcode.com/problems/find-the-middle-index-in-array/
1995,Count Special Quadruplets,EASY,False,https://leetcode.com/problems/count-special-quadruplets/
2000,Reverse Prefix of Word,EASY,False,https://leetcode.com/problems/reverse-prefix-of-word/
2006,Count Number of Pairs With Absolute Difference K,EASY,False,https://leetcode.com/problems/count-number-of-pairs-with-absolute-difference-k/
2011,Final Value of Variable After Performing Operations,EASY,False,https://leetcode.com/problems/final-value-of-variable-after-performing-operations/
2016,Maximum Difference Between Increasing Elements,EASY,False,https://leetcode.com/problems/maximum-difference-between-increasing-elements/
2022,Convert 1D Array Into 2D Array,EASY,False,https://leetcode.com/problems/convert-1d-array-into-2d-array/
2026,Low-Quality Problems,EASY,True,https://leetcode.com/problems/low-quality-problems/
2027,Minimum Moves to Convert String,EASY,False,https://leetcode.com/problems/minimum-moves-to-convert-string/
2032,Two Out of Three,EASY,False,https://leetcode.com/problems/two-out-of-three/
2037,Minimum Number of Moves to Seat Everyone,EASY,False,https://leetcode.com/problems/minimum-number-of-moves-to-seat-everyone/
2042,Check if Numbers Are Ascending in a Sentence,EASY,False,https://leetcode.com/problems/check-if-numbers-are-ascending-in-a-sentence/
2047,Number of Valid Words in a Sentence,EASY,False,https://leetcode.com/problems/number-of-valid-words-in-a-sentence/
2053,Kth Distinct String in an Array,EASY,False,https://leetcode.com/problems/kth-distinct-string-in-an-array/
2057,Smallest Index With Equal Value,EASY,False,https://leetcode.com/problems/smallest-index-with-equal-value/
2062,Count Vowel Substrings of a String,EASY,False,https://leetcode.com/problems/count-vowel-substrings-of-a-string/
2068,Check Whether Two Strings are Almost Equivalent,EASY,False,https://leetcode.com/problems/check-whether-two-strings-are-almost-equivalent/
2072,The Winner University,EASY,True,https://leetcode.com/problems/the-winner-university/
2073,Time Needed to Buy Tickets,EASY,False,https://leetcode.com/problems/time-needed-to-buy-tickets/
2078,Two Furthest Houses With Different Colors,EASY,False,https://leetcode.com/problems/two-furthest-houses-with-different-colors/
2082,The Number of Rich Customers,EASY,True,https://leetcode.com/problems/the-number-of-rich-customers/
2085,Count Common Words With One Occurrence,EASY,False,https://leetcode.com/problems/count-common-words-with-one-occurrence/
2089,Find Target Indices After Sorting Array,EASY,False,https://leetcode.com/problems/find-target-indices-after-sorting-array/
2094,Finding 3-Digit Even Numbers,EASY,False,https://leetcode.com/problems/finding-3-digit-even-numbers/
2099,Find Subsequence of Length K With the Largest Sum,EASY,False,https://leetcode.com/problems/find-subsequence-of-length-k-with-the-largest-sum/
2103,Rings and Rods,EASY,False,https://leetcode.com/problems/rings-and-rods/
2108,Find First Palindromic String in the Array,EASY,False,https://leetcode.com/problems/find-first-palindromic-string-in-the-array/
2114,Maximum Number of Words Found in Sentences,EASY,False,https://leetcode.com/problems/maximum-number-of-words-found-in-sentences/
2119,A Number After a Double Reversal,EASY,False,https://leetcode.com/problems/a-number-after-a-double-reversal/
2124,Check if All A's Appears Before All B's,EASY,False,https://leetcode.com/problems/check-if-all-as-appears-before-all-bs/
2129,Capitalize the Title,EASY,False,https://leetcode.com/problems/capitalize-the-title/
2133,Check if Every Row and Column Contains All Numbers,EASY,False,https://leetcode.com/problems/check-if-every-row-and-column-contains-all-numbers/
2138,Divide a String Into Groups of Size k,EASY,False,https://leetcode.com/problems/divide-a-string-into-groups-of-size-k/
2144,Minimum Cost of Buying Candies With Discount,EASY,False,https://leetcode.com/problems/minimum-cost-of-buying-candies-with-discount/
2148,Count Elements With Strictly Smaller and Greater Elements ,EASY,False,https://leetcode.com/problems/count-elements-with-strictly-smaller-and-greater-elements/
2154,Keep Multiplying Found Values by Two,EASY,False,https://leetcode.com/problems/keep-multiplying-found-values-by-two/
2160,Minimum Sum of Four Digit Number After Splitting Digits,EASY,False,https://leetcode.com/problems/minimum-sum-of-four-digit-number-after-splitting-digits/
2164,Sort Even and Odd Indices Independently,EASY,False,https://leetcode.com/problems/sort-even-and-odd-indices-independently/
2169,Count Operations to Obtain Zero,EASY,False,https://leetcode.com/problems/count-operations-to-obtain-zero/
2176,Count Equal and Divisible Pairs in an Array,EASY,False,https://leetcode.com/problems/count-equal-and-divisible-pairs-in-an-array/
2180,Count Integers With Even Digit Sum,EASY,False,https://leetcode.com/problems/count-integers-with-even-digit-sum/
2185,Counting Words With a Given Prefix,EASY,False,https://leetcode.com/problems/counting-words-with-a-given-prefix/
2190,Most Frequent Number Following Key In an Array,EASY,False,https://leetcode.com/problems/most-frequent-number-following-key-in-an-array/
2194,Cells in a Range on an Excel Sheet,EASY,False,https://leetcode.com/problems/cells-in-a-range-on-an-excel-sheet/
2200,Find All K-Distant Indices in an Array,EASY,False,https://leetcode.com/problems/find-all-k-distant-indices-in-an-array/
2205,The Number of Users That Are Eligible for Discount,EASY,True,https://leetcode.com/problems/the-number-of-users-that-are-eligible-for-discount/
2206,Divide Array Into Equal Pairs,EASY,False,https://leetcode.com/problems/divide-array-into-equal-pairs/
2210,Count Hills and Valleys in an Array,EASY,False,https://leetcode.com/problems/count-hills-and-valleys-in-an-array/
2215,Find the Difference of Two Arrays,EASY,False,https://leetcode.com/problems/find-the-difference-of-two-arrays/
2220,Minimum Bit Flips to Convert Number,EASY,False,https://leetcode.com/problems/minimum-bit-flips-to-convert-number/
2224,Minimum Number of Operations to Convert Time,EASY,False,https://leetcode.com/problems/minimum-number-of-operations-to-convert-time/
2229,Check if an Array Is Consecutive,EASY,True,https://leetcode.com/problems/check-if-an-array-is-consecutive/
2230,The Users That Are Eligible for Discount,EASY,True,https://leetcode.com/problems/the-users-that-are-eligible-for-discount/
2231,Largest Number After Digit Swaps by Parity,EASY,False,https://leetcode.com/problems/largest-number-after-digit-swaps-by-parity/
2235,Add Two Integers,EASY,False,https://leetcode.com/problems/add-two-integers/
2236,Root Equals Sum of Children,EASY,False,https://leetcode.com/problems/root-equals-sum-of-children/
2239,Find Closest Number to Zero,EASY,False,https://leetcode.com/problems/find-closest-number-to-zero/
2243,Calculate Digit Sum of a String,EASY,False,https://leetcode.com/problems/calculate-digit-sum-of-a-string/
2248,Intersection of Multiple Arrays,EASY,False,https://leetcode.com/problems/intersection-of-multiple-arrays/
2255,Count Prefixes of a Given String,EASY,False,https://leetcode.com/problems/count-prefixes-of-a-given-string/
2259,Remove Digit From Number to Maximize Result,EASY,False,https://leetcode.com/problems/remove-digit-from-number-to-maximize-result/
2264,Largest 3-Same-Digit Number in String,EASY,False,https://leetcode.com/problems/largest-3-same-digit-number-in-string/
2269,Find the K-Beauty of a Number,EASY,False,https://leetcode.com/problems/find-the-k-beauty-of-a-number/
2273,Find Resultant Array After Removing Anagrams,EASY,False,https://leetcode.com/problems/find-resultant-array-after-removing-anagrams/
2278,Percentage of Letter in String,EASY,False,https://leetcode.com/problems/percentage-of-letter-in-string/
2283,Check if Number Has Equal Digit Count and Digit Value,EASY,False,https://leetcode.com/problems/check-if-number-has-equal-digit-count-and-digit-value/
2287,Rearrange Characters to Make Target String,EASY,False,https://leetcode.com/problems/rearrange-characters-to-make-target-string/
2293,Min Max Game,EASY,False,https://leetcode.com/problems/min-max-game/
2299,Strong Password Checker II,EASY,False,https://leetcode.com/problems/strong-password-checker-ii/
2303,Calculate Amount Paid in Taxes,EASY,False,https://leetcode.com/problems/calculate-amount-paid-in-taxes/
2309,Greatest English Letter in Upper and Lower Case,EASY,False,https://leetcode.com/problems/greatest-english-letter-in-upper-and-lower-case/
2315,Count Asterisks,EASY,False,https://leetcode.com/problems/count-asterisks/
2319,Check if Matrix Is X-Matrix,EASY,False,https://leetcode.com/problems/check-if-matrix-is-x-matrix/
2325,Decode the Message,EASY,False,https://leetcode.com/problems/decode-the-message/
2329,Product Sales Analysis V,EASY,True,https://leetcode.com/problems/product-sales-analysis-v/
2331,Evaluate Boolean Binary Tree,EASY,False,https://leetcode.com/problems/evaluate-boolean-binary-tree/
2335,Minimum Amount of Time to Fill Cups,EASY,False,https://leetcode.com/problems/minimum-amount-of-time-to-fill-cups/
2339,All the Matches of the League,EASY,True,https://leetcode.com/problems/all-the-matches-of-the-league/
2341,Maximum Number of Pairs in Array,EASY,False,https://leetcode.com/problems/maximum-number-of-pairs-in-array/
2347,Best Poker Hand,EASY,False,https://leetcode.com/problems/best-poker-hand/
2351,First Letter to Appear Twice,EASY,False,https://leetcode.com/problems/first-letter-to-appear-twice/
2356,Number of Unique Subjects Taught by Each Teacher,EASY,False,https://leetcode.com/problems/number-of-unique-subjects-taught-by-each-teacher/
2357,Make Array Zero by Subtracting Equal Amounts,EASY,False,https://leetcode.com/problems/make-array-zero-by-subtracting-equal-amounts/
2363,Merge Similar Items,EASY,False,https://leetcode.com/problems/merge-similar-items/
2367,Number of Arithmetic Triplets,EASY,False,https://leetcode.com/problems/number-of-arithmetic-triplets/
2373,Largest Local Values in a Matrix,EASY,False,https://leetcode.com/problems/largest-local-values-in-a-matrix/
2377,Sort the Olympic Table,EASY,True,https://leetcode.com/problems/sort-the-olympic-table/
2379,Minimum Recolors to Get K Consecutive Black Blocks,EASY,False,https://leetcode.com/problems/minimum-recolors-to-get-k-consecutive-black-blocks/
2383,Minimum Hours of Training to Win a Competition,EASY,False,https://leetcode.com/problems/minimum-hours-of-training-to-win-a-competition/
2389,Longest Subsequence With Limited Sum,EASY,False,https://leetcode.com/problems/longest-subsequence-with-limited-sum/
2395,Find Subarrays With Equal Sum,EASY,False,https://leetcode.com/problems/find-subarrays-with-equal-sum/
2399,Check Distances Between Same Letters,EASY,False,https://leetcode.com/problems/check-distances-between-same-letters/
2404,Most Frequent Even Element,EASY,False,https://leetcode.com/problems/most-frequent-even-element/
2409,Count Days Spent Together,EASY,False,https://leetcode.com/problems/count-days-spent-together/
2413,Smallest Even Multiple,EASY,False,https://leetcode.com/problems/smallest-even-multiple/
2418,Sort the People,EASY,False,https://leetcode.com/problems/sort-the-people/
2423,Remove Letter To Equalize Frequency,EASY,False,https://leetcode.com/problems/remove-letter-to-equalize-frequency/
2427,Number of Common Factors,EASY,False,https://leetcode.com/problems/number-of-common-factors/
2432,The Employee That Worked on the Longest Task,EASY,False,https://leetcode.com/problems/the-employee-that-worked-on-the-longest-task/
2437,Number of Valid Clock Times,EASY,False,https://leetcode.com/problems/number-of-valid-clock-times/
2441,Largest Positive Integer That Exists With Its Negative,EASY,False,https://leetcode.com/problems/largest-positive-integer-that-exists-with-its-negative/
2446,Determine if Two Events Have Conflict,EASY,False,https://leetcode.com/problems/determine-if-two-events-have-conflict/
2451,Odd String Difference,EASY,False,https://leetcode.com/problems/odd-string-difference/
2455,Average Value of Even Numbers That Are Divisible by Three,EASY,False,https://leetcode.com/problems/average-value-of-even-numbers-that-are-divisible-by-three/
2460,Apply Operations to an Array,EASY,False,https://leetcode.com/problems/apply-operations-to-an-array/
2465,Number of Distinct Averages,EASY,False,https://leetcode.com/problems/number-of-distinct-averages/
2469,Convert the Temperature,EASY,False,https://leetcode.com/problems/convert-the-temperature/
2475,Number of Unequal Triplets in Array,EASY,False,https://leetcode.com/problems/number-of-unequal-triplets-in-array/
2480,Form a Chemical Bond,EASY,True,https://leetcode.com/problems/form-a-chemical-bond/
2481,Minimum Cuts to Divide a Circle,EASY,False,https://leetcode.com/problems/minimum-cuts-to-divide-a-circle/
2485,Find the Pivot Integer,EASY,False,https://leetcode.com/problems/find-the-pivot-integer/
2490,Circular Sentence,EASY,False,https://leetcode.com/problems/circular-sentence/
2496,Maximum Value of a String in an Array,EASY,False,https://leetcode.com/problems/maximum-value-of-a-string-in-an-array/
2500,Delete Greatest Value in Each Row,EASY,False,https://leetcode.com/problems/delete-greatest-value-in-each-row/
2504,Concatenate the Name and the Profession,EASY,True,https://leetcode.com/problems/concatenate-the-name-and-the-profession/
2506,Count Pairs Of Similar Strings,EASY,False,https://leetcode.com/problems/count-pairs-of-similar-strings/
2511,Maximum Enemy Forts That Can Be Captured,EASY,False,https://leetcode.com/problems/maximum-enemy-forts-that-can-be-captured/
2515,Shortest Distance to Target String in a Circular Array,EASY,False,https://leetcode.com/problems/shortest-distance-to-target-string-in-a-circular-array/
2520,Count the Digits That Divide a Number,EASY,False,https://leetcode.com/problems/count-the-digits-that-divide-a-number/
2525,Categorize Box According to Criteria,EASY,False,https://leetcode.com/problems/categorize-box-according-to-criteria/
2529,Maximum Count of Positive Integer and Negative Integer,EASY,False,https://leetcode.com/problems/maximum-count-of-positive-integer-and-negative-integer/
2535,Difference Between Element Sum and Digit Sum of an Array,EASY,False,https://leetcode.com/problems/difference-between-element-sum-and-digit-sum-of-an-array/
2540,Minimum Common Value,EASY,False,https://leetcode.com/problems/minimum-common-value/
2544,Alternating Digit Sum,EASY,False,https://leetcode.com/problems/alternating-digit-sum/
2549,Count Distinct Numbers on Board,EASY,False,https://leetcode.com/problems/count-distinct-numbers-on-board/
2553,Separate the Digits in an Array,EASY,False,https://leetcode.com/problems/separate-the-digits-in-an-array/
2558,Take Gifts From the Richest Pile,EASY,False,https://leetcode.com/problems/take-gifts-from-the-richest-pile/
2562,Find the Array Concatenation Value,EASY,False,https://leetcode.com/problems/find-the-array-concatenation-value/
2566,Maximum Difference by Remapping a Digit,EASY,False,https://leetcode.com/problems/maximum-difference-by-remapping-a-digit/
2570,Merge Two 2D Arrays by Summing Values,EASY,False,https://leetcode.com/problems/merge-two-2d-arrays-by-summing-values/
2574,Left and Right Sum Differences,EASY,False,https://leetcode.com/problems/left-and-right-sum-differences/
2578,Split With Minimum Sum,EASY,False,https://leetcode.com/problems/split-with-minimum-sum/
2582,Pass the Pillow,EASY,False,https://leetcode.com/problems/pass-the-pillow/
2586,Count the Number of Vowel Strings in Range,EASY,False,https://leetcode.com/problems/count-the-number-of-vowel-strings-in-range/
2591,Distribute Money to Maximum Children,EASY,False,https://leetcode.com/problems/distribute-money-to-maximum-children/
2595,Number of Even and Odd Bits,EASY,False,https://leetcode.com/problems/number-of-even-and-odd-bits/
2600,K Items With the Maximum Sum,EASY,False,https://leetcode.com/problems/k-items-with-the-maximum-sum/
2605,Form Smallest Number From Two Digit Arrays,EASY,False,https://leetcode.com/problems/form-smallest-number-from-two-digit-arrays/
2609,Find the Longest Balanced Substring of a Binary String,EASY,False,https://leetcode.com/problems/find-the-longest-balanced-substring-of-a-binary-string/
2614,Prime In Diagonal,EASY,False,https://leetcode.com/problems/prime-in-diagonal/
2619,Array Prototype Last,EASY,False,https://leetcode.com/problems/array-prototype-last/
2620,Counter,EASY,False,https://leetcode.com/problems/counter/
2621,Sleep,EASY,False,https://leetcode.com/problems/sleep/
2626,Array Reduce Transformation,EASY,False,https://leetcode.com/problems/array-reduce-transformation/
2629,Function Composition,EASY,False,https://leetcode.com/problems/function-composition/
2634,Filter Elements from Array,EASY,False,https://leetcode.com/problems/filter-elements-from-array/
2635,Apply Transform Over Each Element in Array,EASY,False,https://leetcode.com/problems/apply-transform-over-each-element-in-array/
2639,Find the Width of Columns of a Grid,EASY,False,https://leetcode.com/problems/find-the-width-of-columns-of-a-grid/
2643,Row With Maximum Ones,EASY,False,https://leetcode.com/problems/row-with-maximum-ones/
2644,Find the Maximum Divisibility Score,EASY,False,https://leetcode.com/problems/find-the-maximum-divisibility-score/
2648,Generate Fibonacci Sequence,EASY,False,https://leetcode.com/problems/generate-fibonacci-sequence/
2651,Calculate Delayed Arrival Time,EASY,False,https://leetcode.com/problems/calculate-delayed-arrival-time/
2652,Sum Multiples,EASY,False,https://leetcode.com/problems/sum-multiples/
2656,Maximum Sum With Exactly K Elements ,EASY,False,https://leetcode.com/problems/maximum-sum-with-exactly-k-elements/
2660,Determine the Winner of a Bowling Game,EASY,False,https://leetcode.com/problems/determine-the-winner-of-a-bowling-game/
2665,Counter II,EASY,False,https://leetcode.com/problems/counter-ii/
2666,Allow One Function Call,EASY,False,https://leetcode.com/problems/allow-one-function-call/
2667,Create Hello World Function,EASY,False,https://leetcode.com/problems/create-hello-world-function/
2668,Find Latest Salaries,EASY,True,https://leetcode.com/problems/find-latest-salaries/
2669,Count Artist Occurrences On Spotify Ranking List,EASY,True,https://leetcode.com/problems/count-artist-occurrences-on-spotify-ranking-list/
2670,Find the Distinct Difference Array,EASY,False,https://leetcode.com/problems/find-the-distinct-difference-array/
2677,Chunk Array,EASY,False,https://leetcode.com/problems/chunk-array/
2678,Number of Senior Citizens,EASY,False,https://leetcode.com/problems/number-of-senior-citizens/
2682,Find the Losers of the Circular Game,EASY,False,https://leetcode.com/problems/find-the-losers-of-the-circular-game/
2687,Bikes Last Time Used ,EASY,True,https://leetcode.com/problems/bikes-last-time-used/
2689,Extract Kth Character From The Rope Tree,EASY,True,https://leetcode.com/problems/extract-kth-character-from-the-rope-tree/
2690,Infinite Method Object,EASY,True,https://leetcode.com/problems/infinite-method-object/
2695,Array Wrapper,EASY,False,https://leetcode.com/problems/array-wrapper/
2696,Minimum String Length After Removing Substrings,EASY,False,https://leetcode.com/problems/minimum-string-length-after-removing-substrings/
2697,Lexicographically Smallest Palindrome,EASY,False,https://leetcode.com/problems/lexicographically-smallest-palindrome/
2703,Return Length of Arguments Passed,EASY,False,https://leetcode.com/problems/return-length-of-arguments-passed/
2704,To Be Or Not To Be,EASY,False,https://leetcode.com/problems/to-be-or-not-to-be/
2706,Buy Two Chocolates,EASY,False,https://leetcode.com/problems/buy-two-chocolates/
2710,Remove Trailing Zeros From a String,EASY,False,https://leetcode.com/problems/remove-trailing-zeros-from-a-string/
2715,Timeout Cancellation,EASY,False,https://leetcode.com/problems/timeout-cancellation/
2716,Minimize String Length,EASY,False,https://leetcode.com/problems/minimize-string-length/
2717,Semi-Ordered Permutation,EASY,False,https://leetcode.com/problems/semi-ordered-permutation/
2723,Add Two Promises,EASY,False,https://leetcode.com/problems/add-two-promises/
2724,Sort By,EASY,False,https://leetcode.com/problems/sort-by/
2725,Interval Cancellation,EASY,False,https://leetcode.com/problems/interval-cancellation/
2726,Calculator with Method Chaining,EASY,False,https://leetcode.com/problems/calculator-with-method-chaining/
2727,Is Object Empty,EASY,False,https://leetcode.com/problems/is-object-empty/
2728,Count Houses in a Circular Street,EASY,True,https://leetcode.com/problems/count-houses-in-a-circular-street/
2729,Check if The Number is Fascinating,EASY,False,https://leetcode.com/problems/check-if-the-number-is-fascinating/
2733,Neither Minimum nor Maximum,EASY,False,https://leetcode.com/problems/neither-minimum-nor-maximum/
2739,Total Distance Traveled,EASY,False,https://leetcode.com/problems/total-distance-traveled/
2744,Find Maximum Number of String Pairs,EASY,False,https://leetcode.com/problems/find-maximum-number-of-string-pairs/
2748,Number of Beautiful Pairs,EASY,False,https://leetcode.com/problems/number-of-beautiful-pairs/
2758,Next Day,EASY,True,https://leetcode.com/problems/next-day/
2760,Longest Even Odd Subarray With Threshold,EASY,False,https://leetcode.com/problems/longest-even-odd-subarray-with-threshold/
2765,Longest Alternating Subarray,EASY,False,https://leetcode.com/problems/longest-alternating-subarray/
2769,Find the Maximum Achievable Number,EASY,False,https://leetcode.com/problems/find-the-maximum-achievable-number/
2774,Array Upper Bound,EASY,True,https://leetcode.com/problems/array-upper-bound/
2778,Sum of Squares of Special Elements ,EASY,False,https://leetcode.com/problems/sum-of-squares-of-special-elements/
2784,Check if Array is Good,EASY,False,https://leetcode.com/problems/check-if-array-is-good/
2788,Split Strings by Separator,EASY,False,https://leetcode.com/problems/split-strings-by-separator/
2794,Create Object from Two Arrays,EASY,True,https://leetcode.com/problems/create-object-from-two-arrays/
2796,Repeat String,EASY,True,https://leetcode.com/problems/repeat-string/
2797,Partial Function with Placeholders,EASY,True,https://leetcode.com/problems/partial-function-with-placeholders/
2798,Number of Employees Who Met the Target,EASY,False,https://leetcode.com/problems/number-of-employees-who-met-the-target/
2803,Factorial Generator,EASY,True,https://leetcode.com/problems/factorial-generator/
2804,Array Prototype ForEach,EASY,True,https://leetcode.com/problems/array-prototype-foreach/
2806,Account Balance After Rounded Purchase,EASY,False,https://leetcode.com/problems/account-balance-after-rounded-purchase/
2810,Faulty Keyboard,EASY,False,https://leetcode.com/problems/faulty-keyboard/
2815,Max Pair Sum in an Array,EASY,False,https://leetcode.com/problems/max-pair-sum-in-an-array/
2822,Inversion of Object,EASY,True,https://leetcode.com/problems/inversion-of-object/
2824,Count Pairs Whose Sum is Less than Target,EASY,False,https://leetcode.com/problems/count-pairs-whose-sum-is-less-than-target/
2828,Check if a String Is an Acronym of Words,EASY,False,https://leetcode.com/problems/check-if-a-string-is-an-acronym-of-words/
2833,Furthest Point From Origin,EASY,False,https://leetcode.com/problems/furthest-point-from-origin/
2837,Total Traveled Distance,EASY,True,https://leetcode.com/problems/total-traveled-distance/
2839,Check if Strings Can be Made Equal With Operations I,EASY,False,https://leetcode.com/problems/check-if-strings-can-be-made-equal-with-operations-i/
2843,  Count Symmetric Integers,EASY,False,https://leetcode.com/problems/count-symmetric-integers/
2848,Points That Intersect With Cars,EASY,False,https://leetcode.com/problems/points-that-intersect-with-cars/
2853,Highest Salaries Difference,EASY,True,https://leetcode.com/problems/highest-salaries-difference/
2855,Minimum Right Shifts to Sort the Array,EASY,False,https://leetcode.com/problems/minimum-right-shifts-to-sort-the-array/
2859,Sum of Values at Indices With K Set Bits,EASY,False,https://leetcode.com/problems/sum-of-values-at-indices-with-k-set-bits/
2864,Maximum Odd Binary Number,EASY,False,https://leetcode.com/problems/maximum-odd-binary-number/
2869,Minimum Operations to Collect Elements,EASY,False,https://leetcode.com/problems/minimum-operations-to-collect-elements/
2873,Maximum Value of an Ordered Triplet I,EASY,False,https://leetcode.com/problems/maximum-value-of-an-ordered-triplet-i/
2877,Create a DataFrame from List,EASY,False,https://leetcode.com/problems/create-a-dataframe-from-list/
2878,Get the Size of a DataFrame,EASY,False,https://leetcode.com/problems/get-the-size-of-a-dataframe/
2879,Display the First Three Rows,EASY,False,https://leetcode.com/problems/display-the-first-three-rows/
2880,Select Data,EASY,False,https://leetcode.com/problems/select-data/
2881,Create a New Column,EASY,False,https://leetcode.com/problems/create-a-new-column/
2882,Drop Duplicate Rows,EASY,False,https://leetcode.com/problems/drop-duplicate-rows/
2883,Drop Missing Data,EASY,False,https://leetcode.com/problems/drop-missing-data/
2884,Modify Columns,EASY,False,https://leetcode.com/problems/modify-columns/
2885,Rename Columns,EASY,False,https://leetcode.com/problems/rename-columns/
2886,Change Data Type,EASY,False,https://leetcode.com/problems/change-data-type/
2887,Fill Missing Data,EASY,False,https://leetcode.com/problems/fill-missing-data/
2888,Reshape Data: Concatenate,EASY,False,https://leetcode.com/problems/reshape-data-concatenate/
2889,Reshape Data: Pivot,EASY,False,https://leetcode.com/problems/reshape-data-pivot/
2890,Reshape Data: Melt,EASY,False,https://leetcode.com/problems/reshape-data-melt/
2891,Method Chaining,EASY,False,https://leetcode.com/problems/method-chaining/
2894,Divisible and Non-divisible Sums Difference,EASY,False,https://leetcode.com/problems/divisible-and-non-divisible-sums-difference/
2899,Last Visited Integers,EASY,False,https://leetcode.com/problems/last-visited-integers/
2900,Longest Unequal Adjacent Groups Subsequence I,EASY,False,https://leetcode.com/problems/longest-unequal-adjacent-groups-subsequence-i/
2903,Find Indices With Index and Value Difference I,EASY,False,https://leetcode.com/problems/find-indices-with-index-and-value-difference-i/
2908,Minimum Sum of Mountain Triplets I,EASY,False,https://leetcode.com/problems/minimum-sum-of-mountain-triplets-i/
2913,Subarrays Distinct Element Sum of Squares I,EASY,False,https://leetcode.com/problems/subarrays-distinct-element-sum-of-squares-i/
2917,Find the K-or of an Array,EASY,False,https://leetcode.com/problems/find-the-k-or-of-an-array/
2923,Find Champion I,EASY,False,https://leetcode.com/problems/find-champion-i/
2928,Distribute Candies Among Children I,EASY,False,https://leetcode.com/problems/distribute-candies-among-children-i/
2932,Maximum Strong Pair XOR I,EASY,False,https://leetcode.com/problems/maximum-strong-pair-xor-i/
2937,Make Three Strings Equal,EASY,False,https://leetcode.com/problems/make-three-strings-equal/
2942,Find Words Containing Character,EASY,False,https://leetcode.com/problems/find-words-containing-character/
2946,Matrix Similarity After Cyclic Shifts,EASY,False,https://leetcode.com/problems/matrix-similarity-after-cyclic-shifts/
2951,Find the Peaks,EASY,False,https://leetcode.com/problems/find-the-peaks/
2956,Find Common Elements Between Two Arrays,EASY,False,https://leetcode.com/problems/find-common-elements-between-two-arrays/
2960,Count Tested Devices After Test Operations,EASY,False,https://leetcode.com/problems/count-tested-devices-after-test-operations/
2965,Find Missing and Repeated Values,EASY,False,https://leetcode.com/problems/find-missing-and-repeated-values/
2970,Count the Number of Incremovable Subarrays I,EASY,False,https://leetcode.com/problems/count-the-number-of-incremovable-subarrays-i/
2974,Minimum Number Game,EASY,False,https://leetcode.com/problems/minimum-number-game/
2980,Check if Bitwise OR Has Trailing Zeros,EASY,False,https://leetcode.com/problems/check-if-bitwise-or-has-trailing-zeros/
2985,Calculate Compressed Mean,EASY,True,https://leetcode.com/problems/calculate-compressed-mean/
2987,Find Expensive Cities,EASY,True,https://leetcode.com/problems/find-expensive-cities/
2990,Loan Types,EASY,True,https://leetcode.com/problems/loan-types/
2996,Smallest Missing Integer Greater Than Sequential Prefix Sum,EASY,False,https://leetcode.com/problems/smallest-missing-integer-greater-than-sequential-prefix-sum/
3000,Maximum Area of Longest Diagonal Rectangle,EASY,False,https://leetcode.com/problems/maximum-area-of-longest-diagonal-rectangle/
3005,Count Elements With Maximum Frequency,EASY,False,https://leetcode.com/problems/count-elements-with-maximum-frequency/
3010,Divide an Array Into Subarrays With Minimum Cost I,EASY,False,https://leetcode.com/problems/divide-an-array-into-subarrays-with-minimum-cost-i/
3014,Minimum Number of Pushes to Type Word I,EASY,False,https://leetcode.com/problems/minimum-number-of-pushes-to-type-word-i/
3019,Number of Changing Keys,EASY,False,https://leetcode.com/problems/number-of-changing-keys/
3024,Type of Triangle,EASY,False,https://leetcode.com/problems/type-of-triangle/
3028,Ant on the Boundary,EASY,False,https://leetcode.com/problems/ant-on-the-boundary/
3032,Count Numbers With Unique Digits II,EASY,True,https://leetcode.com/problems/count-numbers-with-unique-digits-ii/
3033,Modify the Matrix,EASY,False,https://leetcode.com/problems/modify-the-matrix/
3038,Maximum Number of Operations With the Same Score I,EASY,False,https://leetcode.com/problems/maximum-number-of-operations-with-the-same-score-i/
3042,Count Prefix and Suffix Pairs I,EASY,False,https://leetcode.com/problems/count-prefix-and-suffix-pairs-i/
3046,Split the Array,EASY,False,https://leetcode.com/problems/split-the-array/
3051,Find Candidates for Data Scientist Position,EASY,True,https://leetcode.com/problems/find-candidates-for-data-scientist-position/
3053,Classifying Triangles by Lengths,EASY,True,https://leetcode.com/problems/classifying-triangles-by-lengths/
3059,Find All Unique Email Domains,EASY,True,https://leetcode.com/problems/find-all-unique-email-domains/
3062,Winner of the Linked List Game,EASY,True,https://leetcode.com/problems/winner-of-the-linked-list-game/
3063,Linked List Frequency,EASY,True,https://leetcode.com/problems/linked-list-frequency/
3065,Minimum Operations to Exceed Threshold Value I,EASY,False,https://leetcode.com/problems/minimum-operations-to-exceed-threshold-value-i/
3069,Distribute Elements Into Two Arrays I,EASY,False,https://leetcode.com/problems/distribute-elements-into-two-arrays-i/
3074,Apple Redistribution into Boxes,EASY,False,https://leetcode.com/problems/apple-redistribution-into-boxes/
3079,Find the Sum of Encrypted Integers,EASY,False,https://leetcode.com/problems/find-the-sum-of-encrypted-integers/
3083,Existence of a Substring in a String and Its Reverse,EASY,False,https://leetcode.com/problems/existence-of-a-substring-in-a-string-and-its-reverse/
3090,Maximum Length Substring With Two Occurrences,EASY,False,https://leetcode.com/problems/maximum-length-substring-with-two-occurrences/
3095,Shortest Subarray With OR at Least K I,EASY,False,https://leetcode.com/problems/shortest-subarray-with-or-at-least-k-i/
3099,Harshad Number,EASY,False,https://leetcode.com/problems/harshad-number/
3105,Longest Strictly Increasing or Strictly Decreasing Subarray,EASY,False,https://leetcode.com/problems/longest-strictly-increasing-or-strictly-decreasing-subarray/
3110,Score of a String,EASY,False,https://leetcode.com/problems/score-of-a-string/
3114,Latest Time You Can Obtain After Replacing Characters,EASY,False,https://leetcode.com/problems/latest-time-you-can-obtain-after-replacing-characters/
3120,Count the Number of Special Characters I,EASY,False,https://leetcode.com/problems/count-the-number-of-special-characters-i/
3127,Make a Square with the Same Color,EASY,False,https://leetcode.com/problems/make-a-square-with-the-same-color/
3131,Find the Integer Added to Array I,EASY,False,https://leetcode.com/problems/find-the-integer-added-to-array-i/
3136,Valid Word,EASY,False,https://leetcode.com/problems/valid-word/
3142,Check if Grid Satisfies Conditions,EASY,False,https://leetcode.com/problems/check-if-grid-satisfies-conditions/
3146,Permutation Difference between Two Strings,EASY,False,https://leetcode.com/problems/permutation-difference-between-two-strings/
3150,Invalid Tweets II,EASY,True,https://leetcode.com/problems/invalid-tweets-ii/
3151,Special Array I,EASY,False,https://leetcode.com/problems/special-array-i/
3158,Find the XOR of Numbers Which Appear Twice,EASY,False,https://leetcode.com/problems/find-the-xor-of-numbers-which-appear-twice/
3162,Find the Number of Good Pairs I,EASY,False,https://leetcode.com/problems/find-the-number-of-good-pairs-i/
3168,Minimum Number of Chairs in a Waiting Room,EASY,False,https://leetcode.com/problems/minimum-number-of-chairs-in-a-waiting-room/
3172,Second Day Verification,EASY,True,https://leetcode.com/problems/second-day-verification/
3173,Bitwise OR of Adjacent Elements,EASY,True,https://leetcode.com/problems/bitwise-or-of-adjacent-elements/
3174,Clear Digits,EASY,False,https://leetcode.com/problems/clear-digits/
3178,Find the Child Who Has the Ball After K Seconds,EASY,False,https://leetcode.com/problems/find-the-child-who-has-the-ball-after-k-seconds/
3184,Count Pairs That Form a Complete Day I,EASY,False,https://leetcode.com/problems/count-pairs-that-form-a-complete-day-i/
3190,Find Minimum Operations to Make All Elements Divisible by Three,EASY,False,https://leetcode.com/problems/find-minimum-operations-to-make-all-elements-divisible-by-three/
3194,Minimum Average of Smallest and Largest Elements,EASY,False,https://leetcode.com/problems/minimum-average-of-smallest-and-largest-elements/
3198,Find Cities in Each State,EASY,True,https://leetcode.com/problems/find-cities-in-each-state/
3199,Count Triplets with Even XOR Set Bits I,EASY,True,https://leetcode.com/problems/count-triplets-with-even-xor-set-bits-i/
3200,Maximum Height of a Triangle,EASY,False,https://leetcode.com/problems/maximum-height-of-a-triangle/
3206,Alternating Groups I,EASY,False,https://leetcode.com/problems/alternating-groups-i/
3210,Find the Encrypted String,EASY,False,https://leetcode.com/problems/find-the-encrypted-string/
3216,Lexicographically Smallest String After a Swap,EASY,False,https://leetcode.com/problems/lexicographically-smallest-string-after-a-swap/
3222,Find the Winning Player in Coin Game,EASY,False,https://leetcode.com/problems/find-the-winning-player-in-coin-game/
3226,Number of Bit Changes to Make Two Integers Equal,EASY,False,https://leetcode.com/problems/number-of-bit-changes-to-make-two-integers-equal/
3232,Find if Digit Game Can Be Won,EASY,False,https://leetcode.com/problems/find-if-digit-game-can-be-won/
3238,Find the Number of Winning Players,EASY,False,https://leetcode.com/problems/find-the-number-of-winning-players/
3242,Design Neighbor Sum Service,EASY,False,https://leetcode.com/problems/design-neighbor-sum-service/
3246,Premier League Table Ranking,EASY,True,https://leetcode.com/problems/premier-league-table-ranking/
3248,Snake in Matrix,EASY,False,https://leetcode.com/problems/snake-in-matrix/
3258,Count Substrings That Satisfy K-Constraint I,EASY,False,https://leetcode.com/problems/count-substrings-that-satisfy-k-constraint-i/
3263,Convert Doubly Linked List to Array I,EASY,True,https://leetcode.com/problems/convert-doubly-linked-list-to-array-i/
3264,Final Array State After K Multiplication Operations I,EASY,False,https://leetcode.com/problems/final-array-state-after-k-multiplication-operations-i/
3270,Find the Key of the Numbers,EASY,False,https://leetcode.com/problems/find-the-key-of-the-numbers/
3274,Check if Two Chessboard Squares Have the Same Color,EASY,False,https://leetcode.com/problems/check-if-two-chessboard-squares-have-the-same-color/
3280,Convert Date to Binary,EASY,False,https://leetcode.com/problems/convert-date-to-binary/
3285,Find Indices of Stable Mountains,EASY,False,https://leetcode.com/problems/find-indices-of-stable-mountains/
3289,The Two Sneaky Numbers of Digitville,EASY,False,https://leetcode.com/problems/the-two-sneaky-numbers-of-digitville/
3300,Minimum Element After Replacement With Digit Sum,EASY,False,https://leetcode.com/problems/minimum-element-after-replacement-with-digit-sum/
3304,Find the K-th Character in String Game I,EASY,False,https://leetcode.com/problems/find-the-k-th-character-in-string-game-i/
3314,Construct the Minimum Bitwise Array I,EASY,False,https://leetcode.com/problems/construct-the-minimum-bitwise-array-i/
3318,Find X-Sum of All K-Long Subarrays I,EASY,False,https://leetcode.com/problems/find-x-sum-of-all-k-long-subarrays-i/
3330,Find the Original Typed String I,EASY,False,https://leetcode.com/problems/find-the-original-typed-string-i/
3340,Check Balanced String,EASY,False,https://leetcode.com/problems/check-balanced-string/
3345,Smallest Divisible Digit Product I,EASY,False,https://leetcode.com/problems/smallest-divisible-digit-product-i/
3349,Adjacent Increasing Subarrays Detection I,EASY,False,https://leetcode.com/problems/adjacent-increasing-subarrays-detection-i/
3353,Minimum Total Operations,EASY,True,https://leetcode.com/problems/minimum-total-operations/
3354,Make Array Elements Equal to Zero,EASY,False,https://leetcode.com/problems/make-array-elements-equal-to-zero/
3358,Books with NULL Ratings,EASY,True,https://leetcode.com/problems/books-with-null-ratings/
3360,Stone Removal Game,EASY,False,https://leetcode.com/problems/stone-removal-game/
3364,Minimum Positive Sum Subarray ,EASY,False,https://leetcode.com/problems/minimum-positive-sum-subarray/
3370,Smallest Number With All Set Bits,EASY,False,https://leetcode.com/problems/smallest-number-with-all-set-bits/
3375,Minimum Operations to Make Array Values Equal to K,EASY,False,https://leetcode.com/problems/minimum-operations-to-make-array-values-equal-to-k/
3379,Transformed Array,EASY,False,https://leetcode.com/problems/transformed-array/
3386,Button with Longest Push Time,EASY,False,https://leetcode.com/problems/button-with-longest-push-time/
3392,Count Subarrays of Length Three With a Condition,EASY,False,https://leetcode.com/problems/count-subarrays-of-length-three-with-a-condition/
3396,Minimum Number of Operations to Make Elements in Array Distinct,EASY,False,https://leetcode.com/problems/minimum-number-of-operations-to-make-elements-in-array-distinct/
3402,Minimum Operations to Make Columns Strictly Increasing,EASY,False,https://leetcode.com/problems/minimum-operations-to-make-columns-strictly-increasing/
3407,Substring Matching Pattern,EASY,False,https://leetcode.com/problems/substring-matching-pattern/
3411,Maximum Subarray With Equal Products,EASY,False,https://leetcode.com/problems/maximum-subarray-with-equal-products/
3415,Find Products with Three Consecutive Digits ,EASY,True,https://leetcode.com/problems/find-products-with-three-consecutive-digits/
3417,Zigzag Grid Traversal With Skip,EASY,False,https://leetcode.com/problems/zigzag-grid-traversal-with-skip/
3423,Maximum Difference Between Adjacent Elements in a Circular Array,EASY,False,https://leetcode.com/problems/maximum-difference-between-adjacent-elements-in-a-circular-array/
3427,Sum of Variable Length Subarrays,EASY,False,https://leetcode.com/problems/sum-of-variable-length-subarrays/
3432,Count Partitions with Even Sum Difference,EASY,False,https://leetcode.com/problems/count-partitions-with-even-sum-difference/
3436,Find Valid Emails,EASY,False,https://leetcode.com/problems/find-valid-emails/
3438,Find Valid Pair of Adjacent Digits in String,EASY,False,https://leetcode.com/problems/find-valid-pair-of-adjacent-digits-in-string/
3442,Maximum Difference Between Even and Odd Frequency I,EASY,False,https://leetcode.com/problems/maximum-difference-between-even-and-odd-frequency-i/
3450,Maximum Students on a Single Bench,EASY,True,https://leetcode.com/problems/maximum-students-on-a-single-bench/
3452,Sum of Good Numbers,EASY,False,https://leetcode.com/problems/sum-of-good-numbers/
3456,Find Special Substring of Length K,EASY,False,https://leetcode.com/problems/find-special-substring-of-length-k/
3461,Check If Digits Are Equal in String After Operations I,EASY,False,https://leetcode.com/problems/check-if-digits-are-equal-in-string-after-operations-i/
3465,Find Products with Valid Serial Numbers,EASY,False,https://leetcode.com/problems/find-products-with-valid-serial-numbers/
3467,Transform Array by Parity,EASY,False,https://leetcode.com/problems/transform-array-by-parity/
3471,Find the Largest Almost Missing Integer,EASY,False,https://leetcode.com/problems/find-the-largest-almost-missing-integer/
3477,Fruits Into Baskets II,EASY,False,https://leetcode.com/problems/fruits-into-baskets-ii/
3483,Unique 3-Digit Even Numbers,EASY,False,https://leetcode.com/problems/unique-3-digit-even-numbers/
3487,Maximum Unique Subarray Sum After Deletion,EASY,False,https://leetcode.com/problems/maximum-unique-subarray-sum-after-deletion/
3491,Phone Number Prefix,EASY,True,https://leetcode.com/problems/phone-number-prefix/
3492,Maximum Containers on a Ship,EASY,False,https://leetcode.com/problems/maximum-containers-on-a-ship/
3498,Reverse Degree of a String,EASY,False,https://leetcode.com/problems/reverse-degree-of-a-string/
3502,Minimum Cost to Reach Every Position,EASY,False,https://leetcode.com/problems/minimum-cost-to-reach-every-position/
3507,Minimum Pair Removal to Sort Array I,EASY,False,https://leetcode.com/problems/minimum-pair-removal-to-sort-array-i/
3512,Minimum Operations to Make Array Sum Divisible by K,EASY,False,https://leetcode.com/problems/minimum-operations-to-make-array-sum-divisible-by-k/
3516,Find Closest Person,EASY,False,https://leetcode.com/problems/find-closest-person/
3536,Maximum Product of Two Digits,EASY,False,https://leetcode.com/problems/maximum-product-of-two-digits/
3541,Find Most Frequent Vowel and Consonant,EASY,False,https://leetcode.com/problems/find-most-frequent-vowel-and-consonant/
3545,Minimum Deletions for At Most K Distinct Characters,EASY,False,https://leetcode.com/problems/minimum-deletions-for-at-most-k-distinct-characters/
3550,Smallest Index With Digit Sum Equal to Index,EASY,False,https://leetcode.com/problems/smallest-index-with-digit-sum-equal-to-index/
3560,Find Minimum Log Transportation Cost,EASY,False,https://leetcode.com/problems/find-minimum-log-transportation-cost/
3570,Find Books with No Available Copies,EASY,False,https://leetcode.com/problems/find-books-with-no-available-copies/
3571,Find the Shortest Superstring II,EASY,True,https://leetcode.com/problems/find-the-shortest-superstring-ii/
3581,Count Odd Letters from Number,EASY,True,https://leetcode.com/problems/count-odd-letters-from-number/
3582,Generate Tag for Video Caption,EASY,False,https://leetcode.com/problems/generate-tag-for-video-caption/
3591,Check if Any Element Has Prime Frequency,EASY,False,https://leetcode.com/problems/check-if-any-element-has-prime-frequency/
3602,Hexadecimal and Hexatrigesimal Conversion,EASY,False,https://leetcode.com/problems/hexadecimal-and-hexatrigesimal-conversion/
3606,Coupon Code Validator,EASY,False,https://leetcode.com/problems/coupon-code-validator/
3622,Check Divisibility by Digit Sum and Product,EASY,False,https://leetcode.com/problems/check-divisibility-by-digit-sum-and-product/
3633,Earliest Finish Time for Land and Water Rides I,EASY,False,https://leetcode.com/problems/earliest-finish-time-for-land-and-water-rides-i/
3637,Trionic Array I,EASY,False,https://leetcode.com/problems/trionic-array-i/
3643,Flip Square Submatrix Vertically,EASY,False,https://leetcode.com/problems/flip-square-submatrix-vertically/
3658,GCD of Odd and Even Sums,EASY,False,https://leetcode.com/problems/gcd-of-odd-and-even-sums/
3662,Filter Characters by Frequency,EASY,True,https://leetcode.com/problems/filter-characters-by-frequency/
3663,Find The Least Frequent Digit,EASY,False,https://leetcode.com/problems/find-the-least-frequent-digit/
3667,Sort Array By Absolute Value,EASY,True,https://leetcode.com/problems/sort-array-by-absolute-value/
3668,Restore Finishing Order,EASY,False,https://leetcode.com/problems/restore-finishing-order/
3674,Minimum Operations to Equalize Array,EASY,False,https://leetcode.com/problems/minimum-operations-to-equalize-array/
3678,Smallest Absent Positive Greater Than Average,EASY,False,https://leetcode.com/problems/smallest-absent-positive-greater-than-average/
3683,Earliest Time to Finish One Task,EASY,False,https://leetcode.com/problems/earliest-time-to-finish-one-task/
3684,Maximize Sum of At Most K Distinct Elements,EASY,False,https://leetcode.com/problems/maximize-sum-of-at-most-k-distinct-elements/
3687,Library Late Fee Calculator,EASY,True,https://leetcode.com/problems/library-late-fee-calculator/
3688,Bitwise OR of Even Numbers in an Array,EASY,False,https://leetcode.com/problems/bitwise-or-of-even-numbers-in-an-array/
3692,Majority Frequency Characters,EASY,False,https://leetcode.com/problems/majority-frequency-characters/
3696,Maximum Distance Between Unequal Words in Array I,EASY,True,https://leetcode.com/problems/maximum-distance-between-unequal-words-in-array-i/
3697,Compute Decimal Representation,EASY,False,https://leetcode.com/problems/compute-decimal-representation/
3701,Compute Alternating Sum,EASY,False,https://leetcode.com/problems/compute-alternating-sum/
3707,Equal Score Substrings,EASY,False,https://leetcode.com/problems/equal-score-substrings/
3712,Sum of Elements With Frequency Divisible by K,EASY,False,https://leetcode.com/problems/sum-of-elements-with-frequency-divisible-by-k/
3718,Smallest Missing Multiple of K,EASY,False,https://leetcode.com/problems/smallest-missing-multiple-of-k/
3726,Remove Zeros in Decimal Representation,EASY,False,https://leetcode.com/problems/remove-zeros-in-decimal-representation/
3731,Find Missing Elements,EASY,False,https://leetcode.com/problems/find-missing-elements/
3736,Minimum Moves to Equal Array Elements III,EASY,False,https://leetcode.com/problems/minimum-moves-to-equal-array-elements-iii/
3740,Minimum Distance Between Three Equal Elements I,EASY,False,https://leetcode.com/problems/minimum-distance-between-three-equal-elements-i/
3745,Maximize Expression of Three Elements,EASY,False,https://leetcode.com/problems/maximize-expression-of-three-elements/
3750,Minimum Number of Flips to Reverse Binary String,EASY,False,https://leetcode.com/problems/minimum-number-of-flips-to-reverse-binary-string/
3754,Concatenate Non-Zero Digits and Multiply by Sum I,EASY,False,https://leetcode.com/problems/concatenate-non-zero-digits-and-multiply-by-sum-i/
3769,Sort Integers by Binary Reflection,EASY,False,https://leetcode.com/problems/sort-integers-by-binary-reflection/
3774,Absolute Difference Between Maximum and Minimum K Elements,EASY,False,https://leetcode.com/problems/absolute-difference-between-maximum-and-minimum-k-elements/
3783,Mirror Distance of an Integer,EASY,False,https://leetcode.com/problems/mirror-distance-of-an-integer/
3793,Find Users with High Token Usage,EASY,False,https://leetcode.com/problems/find-users-with-high-token-usage/
3794,Reverse String Prefix,EASY,False,https://leetcode.com/problems/reverse-string-prefix/
3798,Largest Even Number,EASY,False,https://leetcode.com/problems/largest-even-number/
3803,Count Residue Prefixes,EASY,False,https://leetcode.com/problems/count-residue-prefixes/
3813,Vowel-Consonant Score,EASY,False,https://leetcode.com/problems/vowel-consonant-score/
3823,Reverse Letters Then Special Characters in a String,EASY,False,https://leetcode.com/problems/reverse-letters-then-special-characters-in-a-string/
3827,Count Monobit Integers,EASY,False,https://leetcode.com/problems/count-monobit-integers/
